game_date_est,team_abbreviation_home,team_nickname_home,team_wins_losses_home,pts_home,team_abbreviation_away,team_nickname_away,team_wins_losses_away,pts_away
10/18/2022,BOS,Celtics,1-0,126,PHI,76ers,0-1,117
10/18/2022,GSW,Warriors,1-0,123,LAL,Lakers,0-1,109
10/19/2022,IND,Pacers,0-1,107,WAS,Wizards,1-0,114
10/19/2022,BKN,Nets,0-1,108,NOP,Pelicans,1-0,130
10/19/2022,SAC,Kings,0-1,108,POR,Trail Blazers,1-0,115
10/19/2022,SAS,Spurs,0-1,102,CHA,Hornets,1-0,129
10/19/2022,MIN,Timberwolves,1-0,115,OKC,Thunder,0-1,108
10/19/2022,MIA,Heat,0-1,108,CHI,Bulls,1-0,116
10/19/2022,ATL,Hawks,1-0,117,HOU,Rockets,0-1,107
10/19/2022,UTA,Jazz,1-0,123,DEN,Nuggets,0-1,102
10/19/2022,PHX,Suns,1-0,107,DAL,Mavericks,0-1,105
10/19/2022,TOR,Raptors,1-0,108,CLE,Cavaliers,0-1,105
10/19/2022,MEM,Grizzlies,1-0,115,NYK,Knicks,0-1,112
10/19/2022,DET,Pistons,1-0,113,ORL,Magic,0-1,109
10/20/2022,PHI,76ers,0-2,88,MIL,Bucks,1-0,90
10/20/2022,LAL,Lakers,0-2,97,LAC,Clippers,1-0,103
10/21/2022,BKN,Nets,1-1,109,TOR,Raptors,1-1,105
10/21/2022,HOU,Rockets,0-2,122,MEM,Grizzlies,2-0,129
10/21/2022,ATL,Hawks,2-0,108,ORL,Magic,0-2,98
10/21/2022,GSW,Warriors,1-1,123,DEN,Nuggets,1-1,128
10/21/2022,IND,Pacers,0-2,134,SAS,Spurs,1-1,137
10/21/2022,CHA,Hornets,1-1,112,NOP,Pelicans,2-0,124
10/21/2022,NYK,Knicks,1-1,130,DET,Pistons,1-1,106
10/21/2022,MIA,Heat,0-2,104,BOS,Celtics,2-0,111
10/21/2022,WAS,Wizards,2-0,102,CHI,Bulls,1-1,100
10/21/2022,POR,Trail Blazers,2-0,113,PHX,Suns,1-1,111
10/21/2022,MIN,Timberwolves,1-1,126,UTA,Jazz,2-0,132
10/22/2022,MIL,Bucks,2-0,125,HOU,Rockets,0-3,105
10/22/2022,ORL,Magic,0-3,120,BOS,Celtics,3-0,126
10/22/2022,CHI,Bulls,1-2,96,CLE,Cavaliers,1-1,128
10/22/2022,DAL,Mavericks,1-1,137,MEM,Grizzlies,2-1,96
10/22/2022,MIA,Heat,1-2,112,TOR,Raptors,1-2,109
10/22/2022,PHI,76ers,0-3,105,SAS,Spurs,2-1,114
10/22/2022,IND,Pacers,1-2,124,DET,Pistons,1-2,115
10/22/2022,SAC,Kings,0-2,109,LAC,Clippers,2-0,111
10/22/2022,DEN,Nuggets,2-1,122,OKC,Thunder,0-2,117
10/23/2022,LAC,Clippers,2-1,95,PHX,Suns,2-1,112
10/23/2022,OKC,Thunder,0-3,106,MIN,Timberwolves,2-1,116
10/23/2022,ATL,Hawks,2-1,109,CHA,Hornets,2-1,126
10/23/2022,CLE,Cavaliers,2-1,117,WAS,Wizards,2-1,107
10/23/2022,LAL,Lakers,0-3,104,POR,Trail Blazers,3-0,106
10/23/2022,NOP,Pelicans,2-1,121,UTA,Jazz,3-0,122
10/23/2022,GSW,Warriors,2-1,130,SAC,Kings,0-3,125
10/24/2022,MIN,Timberwolves,2-2,106,SAS,Spurs,3-1,115
10/24/2022,NYK,Knicks,2-1,115,ORL,Magic,0-4,102
10/24/2022,MIA,Heat,1-3,90,TOR,Raptors,2-2,98
10/24/2022,POR,Trail Blazers,4-0,135,DEN,Nuggets,2-2,110
10/24/2022,PHI,76ers,1-3,120,IND,Pacers,1-3,106
10/24/2022,CHI,Bulls,2-2,120,BOS,Celtics,3-1,102
10/24/2022,MEM,Grizzlies,3-1,134,BKN,Nets,1-2,124
10/24/2022,HOU,Rockets,1-3,114,UTA,Jazz,3-1,108
10/25/2022,NOP,Pelicans,3-1,113,DAL,Mavericks,1-2,111
10/25/2022,WAS,Wizards,3-1,120,DET,Pistons,1-3,99
10/25/2022,PHX,Suns,3-1,134,GSW,Warriors,2-2,105
10/25/2022,OKC,Thunder,1-3,108,LAC,Clippers,2-2,94
10/26/2022,NYK,Knicks,3-1,134,CHA,Hornets,2-2,131
10/26/2022,POR,Trail Blazers,4-1,98,MIA,Heat,2-3,119
10/26/2022,MIN,Timberwolves,3-2,134,SAS,Spurs,3-2,122
10/26/2022,CHI,Bulls,3-2,124,IND,Pacers,1-4,109
10/26/2022,DET,Pistons,1-4,113,ATL,Hawks,3-1,118
10/26/2022,TOR,Raptors,3-2,119,PHI,76ers,1-4,109
10/26/2022,UTA,Jazz,4-1,109,HOU,Rockets,1-4,101
10/26/2022,DEN,Nuggets,3-2,110,LAL,Lakers,0-4,99
10/26/2022,CLE,Cavaliers,3-1,103,ORL,Magic,0-5,92
10/26/2022,MIL,Bucks,3-0,110,BKN,Nets,1-3,99
10/27/2022,GSW,Warriors,3-2,123,MIA,Heat,2-4,110
10/27/2022,BKN,Nets,1-4,125,DAL,Mavericks,2-2,129
10/27/2022,SAC,Kings,0-4,110,MEM,Grizzlies,4-1,125
10/27/2022,OKC,Thunder,2-3,118,LAC,Clippers,2-3,110
10/28/2022,SAS,Spurs,4-2,129,CHI,Bulls,3-3,124
10/28/2022,BOS,Celtics,3-2,123,CLE,Cavaliers,4-1,132
10/28/2022,WAS,Wizards,3-2,117,IND,Pacers,2-4,127
10/28/2022,PHX,Suns,4-1,124,NOP,Pelicans,3-2,111
10/28/2022,POR,Trail Blazers,5-1,125,HOU,Rockets,1-5,111
10/28/2022,DEN,Nuggets,4-2,117,UTA,Jazz,4-2,101
10/28/2022,MIL,Bucks,4-0,119,NYK,Knicks,3-2,108
10/28/2022,TOR,Raptors,3-3,90,PHI,76ers,2-4,112
10/28/2022,DET,Pistons,1-5,112,ATL,Hawks,4-1,136
10/28/2022,MIN,Timberwolves,4-2,111,LAL,Lakers,0-5,102
10/28/2022,ORL,Magic,1-5,113,CHA,Hornets,2-3,93
10/29/2022,CHA,Hornets,3-3,120,GSW,Warriors,3-3,113
10/29/2022,MIL,Bucks,5-0,123,ATL,Hawks,4-2,115
10/29/2022,BKN,Nets,1-5,116,IND,Pacers,3-4,125
10/29/2022,UTA,Jazz,5-2,124,MEM,Grizzlies,4-2,123
10/29/2022,CHI,Bulls,3-4,109,PHI,76ers,3-4,114
10/29/2022,DAL,Mavericks,2-3,111,OKC,Thunder,3-3,117
10/29/2022,SAC,Kings,1-4,119,MIA,Heat,2-5,113
10/30/2022,DET,Pistons,2-5,128,GSW,Warriors,3-4,114
10/30/2022,DAL,Mavericks,3-3,114,ORL,Magic,1-6,105
10/30/2022,SAS,Spurs,5-2,107,MIN,Timberwolves,4-3,98
10/30/2022,BOS,Celtics,4-2,112,WAS,Wizards,3-3,94
10/30/2022,LAL,Lakers,1-5,121,DEN,Nuggets,4-3,110
10/30/2022,PHX,Suns,5-1,124,HOU,Rockets,1-6,109
10/30/2022,CLE,Cavaliers,5-1,121,NYK,Knicks,3-3,108
10/30/2022,LAC,Clippers,2-4,91,NOP,Pelicans,4-2,112
10/31/2022,WAS,Wizards,3-4,111,PHI,76ers,4-4,118
10/31/2022,BKN,Nets,2-5,116,IND,Pacers,3-5,109
10/31/2022,CHA,Hornets,3-4,108,SAC,Kings,2-4,115
10/31/2022,LAC,Clippers,3-4,95,HOU,Rockets,1-7,93
10/31/2022,UTA,Jazz,6-2,121,MEM,Grizzlies,4-3,105
10/31/2022,TOR,Raptors,4-3,139,ATL,Hawks,4-3,109
10/31/2022,MIL,Bucks,6-0,110,DET,Pistons,2-6,108
11/1/2022,PHX,Suns,6-1,116,MIN,Timberwolves,4-4,107
11/1/2022,OKC,Thunder,4-3,116,ORL,Magic,1-7,108
11/1/2022,BKN,Nets,2-6,99,CHI,Bulls,4-4,108
11/1/2022,MIA,Heat,3-5,116,GSW,Warriors,3-5,109
11/2/2022,HOU,Rockets,1-8,101,LAC,Clippers,4-4,109
11/2/2022,NYK,Knicks,3-4,99,ATL,Hawks,5-3,112
11/2/2022,CHI,Bulls,5-4,106,CHA,Hornets,3-5,88
11/2/2022,CLE,Cavaliers,6-1,114,BOS,Celtics,4-3,113
11/2/2022,MIL,Bucks,7-0,116,DET,Pistons,2-7,91
11/2/2022,MIA,Heat,4-5,110,SAC,Kings,2-5,107
11/2/2022,PHI,76ers,4-5,111,WAS,Wizards,4-4,121
11/2/2022,LAL,Lakers,2-5,120,NOP,Pelicans,4-3,117
11/2/2022,POR,Trail Blazers,5-2,106,MEM,Grizzlies,5-3,111
11/2/2022,DAL,Mavericks,4-3,103,UTA,Jazz,6-3,100
11/2/2022,SAS,Spurs,5-3,100,TOR,Raptors,5-3,143
11/3/2022,ORL,Magic,2-7,130,GSW,Warriors,3-6,129
11/3/2022,OKC,Thunder,4-4,110,DEN,Nuggets,5-3,122
11/4/2022,SAS,Spurs,5-4,106,LAC,Clippers,5-4,113
11/4/2022,LAL,Lakers,2-6,116,UTA,Jazz,7-3,130
11/4/2022,BOS,Celtics,5-3,123,CHI,Bulls,5-5,119
11/4/2022,PHX,Suns,6-2,106,POR,Trail Blazers,6-2,108
11/4/2022,DAL,Mavericks,5-3,111,TOR,Raptors,5-4,110
11/4/2022,IND,Pacers,4-5,101,MIA,Heat,4-6,99
11/4/2022,PHI,76ers,4-6,104,NYK,Knicks,4-4,106
11/4/2022,DET,Pistons,2-8,88,CLE,Cavaliers,7-1,112
11/4/2022,MIN,Timberwolves,4-5,102,MIL,Bucks,8-0,115
11/4/2022,WAS,Wizards,4-5,86,BKN,Nets,3-6,128
11/4/2022,MEM,Grizzlies,6-3,130,CHA,Hornets,3-6,99
11/4/2022,NOP,Pelicans,5-3,114,GSW,Warriors,3-7,105
11/5/2022,MIL,Bucks,9-0,108,OKC,Thunder,4-5,94
11/5/2022,NYK,Knicks,4-5,118,BOS,Celtics,6-3,133
11/5/2022,ATL,Hawks,6-3,124,NOP,Pelicans,5-4,121
11/5/2022,ORL,Magic,2-8,123,SAC,Kings,3-5,126
11/5/2022,MIN,Timberwolves,5-5,129,HOU,Rockets,1-9,117
11/5/2022,DEN,Nuggets,6-3,126,SAS,Spurs,5-5,101
11/5/2022,PHX,Suns,7-2,102,POR,Trail Blazers,6-3,82
11/5/2022,CHA,Hornets,3-7,94,BKN,Nets,4-6,98
11/6/2022,MEM,Grizzlies,7-3,103,WAS,Wizards,4-6,97
11/6/2022,TOR,Raptors,6-4,113,CHI,Bulls,5-6,104
11/6/2022,LAC,Clippers,5-5,102,UTA,Jazz,8-3,110
11/6/2022,LAL,Lakers,2-7,100,CLE,Cavaliers,8-1,114
11/7/2022,DET,Pistons,3-8,112,OKC,Thunder,4-6,103
11/7/2022,LAC,Clippers,6-5,119,CLE,Cavaliers,8-2,117
11/7/2022,SAS,Spurs,5-6,109,DEN,Nuggets,7-3,115
11/7/2022,MEM,Grizzlies,7-4,106,BOS,Celtics,7-3,109
11/7/2022,PHI,76ers,5-6,100,PHX,Suns,7-3,88
11/7/2022,MIN,Timberwolves,5-6,107,NYK,Knicks,5-5,120
11/7/2022,CHA,Hornets,3-8,100,WAS,Wizards,5-6,108
11/7/2022,CHI,Bulls,6-6,111,TOR,Raptors,6-5,97
11/7/2022,IND,Pacers,5-5,129,NOP,Pelicans,5-5,122
11/7/2022,ATL,Hawks,7-3,117,MIL,Bucks,9-1,98
11/7/2022,DAL,Mavericks,6-3,96,BKN,Nets,4-7,94
11/7/2022,GSW,Warriors,4-7,116,SAC,Kings,3-6,113
11/7/2022,UTA,Jazz,9-3,139,LAL,Lakers,2-8,116
11/7/2022,ORL,Magic,2-9,127,HOU,Rockets,2-9,134
11/7/2022,MIA,Heat,4-7,107,POR,Trail Blazers,7-3,110
11/9/2022,IND,Pacers,5-6,119,DEN,Nuggets,8-3,122
11/9/2022,ORL,Magic,3-9,94,DAL,Mavericks,6-4,87
11/9/2022,MIN,Timberwolves,5-7,117,PHX,Suns,8-3,129
11/9/2022,SAS,Spurs,5-7,122,MEM,Grizzlies,8-4,124
11/9/2022,LAC,Clippers,7-5,114,LAL,Lakers,2-9,101
11/9/2022,CHA,Hornets,3-9,95,POR,Trail Blazers,8-3,105
11/9/2022,TOR,Raptors,7-5,116,HOU,Rockets,2-10,109
11/9/2022,BKN,Nets,5-7,112,NYK,Knicks,5-6,85
11/9/2022,ATL,Hawks,7-4,119,UTA,Jazz,10-3,125
11/9/2022,BOS,Celtics,8-3,128,DET,Pistons,3-9,112
11/9/2022,CHI,Bulls,6-7,111,NOP,Pelicans,6-5,115
11/9/2022,OKC,Thunder,4-7,132,MIL,Bucks,10-1,136
11/9/2022,SAC,Kings,4-6,127,CLE,Cavaliers,8-3,120
11/10/2022,MIA,Heat,5-7,117,CHA,Hornets,3-10,112
11/10/2022,NOP,Pelicans,6-6,95,POR,Trail Blazers,9-3,106
11/10/2022,WAS,Wizards,6-6,113,DAL,Mavericks,6-5,105
11/10/2022,ATL,Hawks,8-4,104,PHI,76ers,5-7,95
11/11/2022,MEM,Grizzlies,9-4,114,MIN,Timberwolves,5-8,103
11/11/2022,NYK,Knicks,6-6,121,DET,Pistons,3-10,112
11/11/2022,BOS,Celtics,9-3,131,DEN,Nuggets,8-4,112
11/11/2022,OKC,Thunder,5-7,132,TOR,Raptors,7-6,113
11/11/2022,GSW,Warriors,5-7,106,CLE,Cavaliers,8-4,101
11/11/2022,SAS,Spurs,6-7,111,MIL,Bucks,10-2,93
11/11/2022,LAL,Lakers,2-10,114,SAC,Kings,5-6,120
11/11/2022,ORL,Magic,4-9,114,PHX,Suns,8-4,97
11/12/2022,LAC,Clippers,7-6,95,BKN,Nets,6-7,110
11/12/2022,IND,Pacers,6-6,118,TOR,Raptors,7-7,104
11/12/2022,MIA,Heat,6-7,132,CHA,Hornets,3-11,115
11/12/2022,PHI,76ers,6-7,121,ATL,Hawks,8-5,109
11/12/2022,WAS,Wizards,7-6,121,UTA,Jazz,10-4,112
11/12/2022,NOP,Pelicans,7-6,119,HOU,Rockets,2-11,106
11/12/2022,DET,Pistons,3-11,108,BOS,Celtics,10-3,117
11/12/2022,DAL,Mavericks,7-5,117,POR,Trail Blazers,9-4,112
11/13/2022,NYK,Knicks,6-7,135,OKC,Thunder,6-7,145
11/13/2022,CLE,Cavaliers,8-5,124,MIN,Timberwolves,6-8,129
11/13/2022,PHI,76ers,7-7,105,UTA,Jazz,10-5,98
11/13/2022,LAL,Lakers,3-10,116,BKN,Nets,6-8,103
11/13/2022,SAC,Kings,6-6,122,GSW,Warriors,5-8,115
11/13/2022,CHI,Bulls,6-8,103,DEN,Nuggets,9-4,126
11/13/2022,WAS,Wizards,8-6,102,MEM,Grizzlies,9-5,92
11/14/2022,HOU,Rockets,2-12,106,LAC,Clippers,8-6,122
11/14/2022,GSW,Warriors,6-8,132,SAS,Spurs,6-8,95
11/14/2022,ORL,Magic,4-10,105,CHA,Hornets,4-11,112
11/14/2022,MIL,Bucks,10-3,106,ATL,Hawks,9-5,121
11/14/2022,MIA,Heat,7-7,113,PHX,Suns,8-5,112
11/14/2022,DET,Pistons,3-12,111,TOR,Raptors,8-7,115
11/14/2022,BOS,Celtics,11-3,126,OKC,Thunder,6-8,122
11/15/2022,DAL,Mavericks,8-5,103,LAC,Clippers,8-7,101
11/15/2022,POR,Trail Blazers,10-4,117,SAS,Spurs,6-9,110
11/15/2022,UTA,Jazz,10-6,111,NYK,Knicks,7-7,118
11/15/2022,NOP,Pelicans,8-6,113,MEM,Grizzlies,9-6,102
11/15/2022,SAC,Kings,7-6,153,BKN,Nets,6-9,121
11/16/2022,DEN,Nuggets,9-5,103,NYK,Knicks,8-7,106
11/16/2022,CHA,Hornets,4-12,113,IND,Pacers,7-6,125
11/16/2022,PHX,Suns,9-5,130,GSW,Warriors,6-9,119
11/16/2022,WAS,Wizards,8-7,120,OKC,Thunder,7-8,121
11/16/2022,MIL,Bucks,11-3,113,CLE,Cavaliers,8-6,98
11/16/2022,NOP,Pelicans,9-6,124,CHI,Bulls,6-9,110
11/16/2022,TOR,Raptors,9-7,112,MIA,Heat,7-8,104
11/16/2022,ATL,Hawks,9-6,101,BOS,Celtics,12-3,126
11/16/2022,ORL,Magic,4-11,108,MIN,Timberwolves,7-8,126
11/16/2022,DAL,Mavericks,8-6,92,HOU,Rockets,3-12,101
11/17/2022,SAC,Kings,8-6,130,SAS,Spurs,6-10,112
11/17/2022,LAC,Clippers,9-7,96,DET,Pistons,3-13,91
11/17/2022,POR,Trail Blazers,10-5,107,BKN,Nets,7-9,109
11/18/2022,MEM,Grizzlies,10-6,121,OKC,Thunder,7-9,110
11/18/2022,CHI,Bulls,6-10,107,ORL,Magic,5-11,108
11/18/2022,NOP,Pelicans,9-7,109,BOS,Celtics,13-3,117
11/18/2022,HOU,Rockets,3-13,91,IND,Pacers,8-6,99
11/18/2022,CLE,Cavaliers,9-6,132,CHA,Hornets,4-13,122
11/18/2022,LAL,Lakers,4-10,128,DET,Pistons,3-14,121
11/18/2022,PHI,76ers,8-7,110,MIL,Bucks,11-4,102
11/18/2022,DAL,Mavericks,9-6,127,DEN,Nuggets,9-6,99
11/18/2022,UTA,Jazz,11-6,134,PHX,Suns,9-6,133
11/18/2022,WAS,Wizards,9-7,107,MIA,Heat,7-9,106
11/18/2022,GSW,Warriors,7-9,111,NYK,Knicks,8-8,101
11/19/2022,IND,Pacers,9-6,114,ORL,Magic,5-12,113
11/19/2022,LAC,Clippers,10-7,119,SAS,Spurs,6-11,97
11/19/2022,POR,Trail Blazers,10-6,113,UTA,Jazz,12-6,118
11/19/2022,PHI,76ers,8-8,109,MIN,Timberwolves,8-8,112
11/19/2022,ATL,Hawks,10-6,124,TOR,Raptors,9-8,122
11/20/2022,WAS,Wizards,10-7,106,CHA,Hornets,4-14,102
11/20/2022,HOU,Rockets,3-14,120,GSW,Warriors,8-9,127
11/20/2022,BKN,Nets,8-9,127,MEM,Grizzlies,10-7,115
11/20/2022,LAL,Lakers,5-10,123,SAS,Spurs,6-12,92
11/20/2022,SAC,Kings,9-6,137,DET,Pistons,3-15,129
11/20/2022,PHX,Suns,10-6,116,NYK,Knicks,8-9,95
11/20/2022,DAL,Mavericks,9-7,97,DEN,Nuggets,10-6,98
11/20/2022,CLE,Cavaliers,10-6,113,MIA,Heat,7-10,87
11/21/2022,CLE,Cavaliers,11-6,114,ATL,Hawks,10-7,102
11/21/2022,MIL,Bucks,12-4,119,POR,Trail Blazers,10-7,111
11/21/2022,IND,Pacers,10-6,123,ORL,Magic,5-13,102
11/21/2022,MIN,Timberwolves,9-8,105,MIA,Heat,7-11,101
11/21/2022,NOP,Pelicans,10-7,128,GSW,Warriors,8-10,83
11/21/2022,OKC,Thunder,7-10,119,NYK,Knicks,9-9,129
11/21/2022,LAC,Clippers,11-7,121,UTA,Jazz,12-7,114
11/21/2022,CHI,Bulls,7-10,121,BOS,Celtics,13-4,107
11/22/2022,PHI,76ers,9-8,115,BKN,Nets,8-10,106
11/22/2022,DEN,Nuggets,10-7,108,DET,Pistons,4-15,110
11/22/2022,MEM,Grizzlies,10-8,109,SAC,Kings,10-6,113
11/22/2022,PHX,Suns,11-6,115,LAL,Lakers,5-11,105
11/23/2022,ATL,Hawks,11-7,115,SAC,Kings,10-7,106
11/23/2022,CHA,Hornets,5-14,107,PHI,76ers,9-9,101
11/23/2022,MIL,Bucks,12-5,113,CHI,Bulls,8-10,118
11/23/2022,MIA,Heat,8-11,113,WAS,Wizards,10-8,105
11/23/2022,CLE,Cavaliers,12-6,114,POR,Trail Blazers,10-8,96
11/23/2022,SAS,Spurs,6-13,110,NOP,Pelicans,11-7,129
11/23/2022,UTA,Jazz,12-8,116,DET,Pistons,5-15,125
11/23/2022,GSW,Warriors,9-10,124,LAC,Clippers,11-8,107
11/23/2022,BOS,Celtics,14-4,125,DAL,Mavericks,9-8,112
11/23/2022,TOR,Raptors,9-9,98,BKN,Nets,9-10,112
11/23/2022,IND,Pacers,10-7,101,MIN,Timberwolves,10-8,115
11/23/2022,OKC,Thunder,7-11,126,DEN,Nuggets,11-7,131
11/25/2022,MIL,Bucks,13-5,117,CLE,Cavaliers,12-7,102
11/25/2022,MEM,Grizzlies,11-8,132,NOP,Pelicans,11-8,111
11/25/2022,NYK,Knicks,9-10,129,POR,Trail Blazers,11-8,132
11/25/2022,GSW,Warriors,10-10,129,UTA,Jazz,12-9,118
11/25/2022,MIA,Heat,9-11,110,WAS,Wizards,10-9,107
11/25/2022,ORL,Magic,5-14,99,PHI,76ers,10-9,107
11/25/2022,BOS,Celtics,15-4,122,SAC,Kings,10-8,104
11/25/2022,CHA,Hornets,6-14,110,MIN,Timberwolves,10-9,108
11/25/2022,SAS,Spurs,6-14,94,LAL,Lakers,6-11,105
11/25/2022,IND,Pacers,11-7,128,BKN,Nets,9-11,117
11/25/2022,PHX,Suns,12-6,108,DET,Pistons,5-16,102
11/25/2022,HOU,Rockets,4-14,128,ATL,Hawks,11-8,122
11/25/2022,OKC,Thunder,8-11,123,CHI,Bulls,8-11,119
11/25/2022,LAC,Clippers,11-9,104,DEN,Nuggets,12-7,114
11/26/2022,TOR,Raptors,10-9,105,DAL,Mavericks,9-9,100
11/26/2022,HOU,Rockets,5-14,118,OKC,Thunder,8-12,105
11/26/2022,SAS,Spurs,6-15,138,LAL,Lakers,7-11,143
11/26/2022,PHX,Suns,13-6,113,UTA,Jazz,12-10,112
11/27/2022,ATL,Hawks,11-9,98,MIA,Heat,10-11,106
11/27/2022,LAC,Clippers,12-9,114,IND,Pacers,11-8,100
11/27/2022,DET,Pistons,5-17,94,CLE,Cavaliers,13-7,102
11/27/2022,MIN,Timberwolves,10-10,114,GSW,Warriors,11-10,137
11/27/2022,BKN,Nets,10-11,111,POR,Trail Blazers,11-9,97
11/27/2022,NYK,Knicks,9-11,123,MEM,Grizzlies,12-8,127
11/27/2022,ORL,Magic,5-15,103,PHI,76ers,11-9,133
11/27/2022,BOS,Celtics,16-4,130,WAS,Wizards,10-10,121
11/27/2022,MIL,Bucks,14-5,124,DAL,Mavericks,9-10,115
11/28/2022,TOR,Raptors,11-9,100,CLE,Cavaliers,13-8,88
11/28/2022,BKN,Nets,11-11,109,ORL,Magic,5-16,102
11/28/2022,DEN,Nuggets,13-7,129,HOU,Rockets,5-15,113
11/28/2022,UTA,Jazz,12-11,107,CHI,Bulls,9-11,114
11/28/2022,BOS,Celtics,17-4,140,CHA,Hornets,6-15,105
11/28/2022,WAS,Wizards,11-10,142,MIN,Timberwolves,10-11,127
11/28/2022,NOP,Pelicans,12-8,105,OKC,Thunder,8-13,101
11/28/2022,PHI,76ers,12-9,104,ATL,Hawks,11-10,101
11/28/2022,LAL,Lakers,7-12,115,IND,Pacers,12-8,116
11/28/2022,SAC,Kings,10-9,117,PHX,Suns,14-6,122
11/29/2022,DAL,Mavericks,10-10,116,GSW,Warriors,11-11,113
11/29/2022,POR,Trail Blazers,11-10,112,LAC,Clippers,13-9,118
11/29/2022,DET,Pistons,5-18,110,NYK,Knicks,10-11,140
11/30/2022,PHX,Suns,15-6,132,CHI,Bulls,9-12,113
11/30/2022,OKC,Thunder,9-13,119,SAS,Spurs,6-16,111
11/30/2022,LAL,Lakers,8-12,128,POR,Trail Blazers,11-11,109
11/30/2022,UTA,Jazz,13-11,125,LAC,Clippers,13-10,112
11/30/2022,ORL,Magic,5-17,108,ATL,Hawks,12-10,125
11/30/2022,DEN,Nuggets,14-7,120,HOU,Rockets,5-16,100
11/30/2022,CLE,Cavaliers,14-8,113,PHI,76ers,12-10,85
11/30/2022,BKN,Nets,12-11,113,WAS,Wizards,11-11,107
11/30/2022,NOP,Pelicans,13-8,126,TOR,Raptors,11-10,108
11/30/2022,SAC,Kings,11-9,137,IND,Pacers,12-9,114
11/30/2022,BOS,Celtics,18-4,134,MIA,Heat,10-12,121
11/30/2022,MIN,Timberwolves,11-11,109,MEM,Grizzlies,12-9,101
11/30/2022,NYK,Knicks,10-12,103,MIL,Bucks,15-5,109
12/1/2022,DET,Pistons,6-18,131,DAL,Mavericks,10-11,125
12/2/2022,MIL,Bucks,15-6,129,LAL,Lakers,9-12,133
12/2/2022,BOS,Celtics,18-5,116,MIA,Heat,11-12,120
12/2/2022,GSW,Warriors,12-11,119,CHI,Bulls,9-13,111
12/2/2022,UTA,Jazz,14-11,139,IND,Pacers,12-10,119
12/2/2022,BKN,Nets,13-11,114,TOR,Raptors,11-11,105
12/2/2022,CLE,Cavaliers,15-8,107,ORL,Magic,5-18,96
12/2/2022,CHA,Hornets,7-15,117,WAS,Wizards,11-12,116
12/2/2022,MEM,Grizzlies,13-9,117,PHI,76ers,12-11,109
12/2/2022,PHX,Suns,15-7,121,HOU,Rockets,6-16,122
12/2/2022,SAS,Spurs,6-17,99,NOP,Pelicans,14-8,117
12/2/2022,ATL,Hawks,13-10,117,DEN,Nuggets,14-8,109
12/3/2022,TOR,Raptors,12-11,121,ORL,Magic,5-19,108
12/3/2022,GSW,Warriors,13-11,120,HOU,Rockets,6-17,101
12/3/2022,MIN,Timberwolves,11-12,128,OKC,Thunder,10-13,135
12/3/2022,UTA,Jazz,14-12,111,POR,Trail Blazers,12-11,116
12/3/2022,CHA,Hornets,7-16,96,MIL,Bucks,16-6,105
12/3/2022,NYK,Knicks,10-13,100,DAL,Mavericks,11-11,121
12/3/2022,LAC,Clippers,13-11,96,SAC,Kings,12-9,123
12/4/2022,DET,Pistons,6-19,112,MEM,Grizzlies,14-9,122
12/4/2022,POR,Trail Blazers,13-11,116,IND,Pacers,12-11,100
12/4/2022,WAS,Wizards,11-13,119,LAL,Lakers,10-12,130
12/4/2022,SAC,Kings,13-9,110,CHI,Bulls,9-14,101
12/4/2022,NYK,Knicks,11-13,92,CLE,Cavaliers,15-9,81
12/4/2022,BKN,Nets,13-12,92,BOS,Celtics,19-5,103
12/4/2022,NOP,Pelicans,15-8,121,DEN,Nuggets,14-9,106
12/4/2022,SAS,Spurs,6-18,95,PHX,Suns,16-7,133
12/5/2022,HOU,Rockets,7-17,132,PHI,76ers,12-12,123
12/5/2022,GSW,Warriors,13-12,104,IND,Pacers,13-11,112
12/5/2022,MEM,Grizzlies,15-9,101,MIA,Heat,11-13,93
12/5/2022,ORL,Magic,5-20,102,MIL,Bucks,17-6,109
12/5/2022,DAL,Mavericks,12-11,130,PHX,Suns,16-8,111
12/5/2022,CHA,Hornets,7-17,117,LAC,Clippers,14-11,119
12/5/2022,ATL,Hawks,13-11,114,OKC,Thunder,11-13,121
12/5/2022,TOR,Raptors,12-12,110,BOS,Celtics,20-5,116
12/6/2022,MIA,Heat,11-14,96,DET,Pistons,7-19,116
12/6/2022,DEN,Nuggets,14-10,115,DAL,Mavericks,13-11,116
12/6/2022,CLE,Cavaliers,16-9,116,LAL,Lakers,10-13,102
12/7/2022,BKN,Nets,14-12,122,CHA,Hornets,7-18,116
12/7/2022,MIL,Bucks,18-6,126,SAC,Kings,13-10,113
12/7/2022,CHI,Bulls,10-14,115,WAS,Wizards,11-14,111
12/7/2022,UTA,Jazz,15-12,124,GSW,Warriors,13-13,123
12/7/2022,PHX,Suns,16-9,98,BOS,Celtics,21-5,125
12/7/2022,ORL,Magic,6-20,116,LAC,Clippers,14-12,111
12/7/2022,TOR,Raptors,13-12,126,LAL,Lakers,10-14,113
12/7/2022,NYK,Knicks,12-13,113,ATL,Hawks,13-12,89
12/7/2022,MEM,Grizzlies,16-9,123,OKC,Thunder,11-14,102
12/7/2022,MIN,Timberwolves,12-12,121,IND,Pacers,13-12,115
12/7/2022,NOP,Pelicans,16-8,104,DET,Pistons,7-20,98
12/8/2022,MIA,Heat,12-14,115,LAC,Clippers,14-13,110
12/8/2022,POR,Trail Blazers,13-12,120,DEN,Nuggets,15-10,121
12/8/2022,SAS,Spurs,7-18,118,HOU,Rockets,7-18,109
12/9/2022,IND,Pacers,14-12,121,WAS,Wizards,11-15,111
12/9/2022,NOP,Pelicans,17-8,128,PHX,Suns,16-10,117
12/9/2022,MEM,Grizzlies,17-9,114,DET,Pistons,7-21,103
12/9/2022,DAL,Mavericks,13-12,105,MIL,Bucks,19-6,106
12/9/2022,UTA,Jazz,15-13,108,MIN,Timberwolves,13-12,118
12/9/2022,CLE,Cavaliers,16-10,95,SAC,Kings,14-10,106
12/9/2022,BKN,Nets,15-12,120,ATL,Hawks,13-13,116
12/9/2022,PHI,76ers,13-12,133,LAL,Lakers,10-15,122
12/9/2022,CHA,Hornets,7-19,102,NYK,Knicks,13-13,121
12/9/2022,ORL,Magic,7-20,113,TOR,Raptors,13-13,109
12/10/2022,IND,Pacers,14-13,133,BKN,Nets,16-12,136
12/10/2022,CHI,Bulls,11-14,144,DAL,Mavericks,13-13,115
12/10/2022,WAS,Wizards,11-16,107,LAC,Clippers,15-13,114
12/10/2022,CLE,Cavaliers,17-10,110,OKC,Thunder,11-15,102
12/10/2022,DEN,Nuggets,16-10,115,UTA,Jazz,15-14,110
12/10/2022,POR,Trail Blazers,14-12,124,MIN,Timberwolves,13-13,118
12/10/2022,MIA,Heat,12-15,111,SAS,Spurs,8-18,115
12/10/2022,GSW,Warriors,14-13,123,BOS,Celtics,21-6,107
12/11/2022,NYK,Knicks,14-13,112,SAC,Kings,14-11,99
12/11/2022,ATL,Hawks,14-13,123,CHI,Bulls,11-15,122
12/11/2022,NOP,Pelicans,18-8,129,PHX,Suns,16-11,124
12/11/2022,ORL,Magic,8-20,111,TOR,Raptors,13-14,99
12/11/2022,HOU,Rockets,8-18,97,MIL,Bucks,19-7,92
12/11/2022,DET,Pistons,7-22,117,LAL,Lakers,11-15,124
12/11/2022,PHI,76ers,14-12,131,CHA,Hornets,7-20,113
12/12/2022,LAC,Clippers,16-13,113,BOS,Celtics,21-7,93
12/12/2022,POR,Trail Blazers,15-12,133,MIN,Timberwolves,13-14,112
12/12/2022,SAS,Spurs,9-18,112,CLE,Cavaliers,17-11,111
12/12/2022,DAL,Mavericks,14-13,121,OKC,Thunder,11-16,114
12/12/2022,MEM,Grizzlies,18-9,128,ATL,Hawks,14-14,103
12/12/2022,IND,Pacers,14-14,82,MIA,Heat,13-15,87
12/12/2022,WAS,Wizards,11-17,100,BKN,Nets,17-12,112
12/13/2022,LAL,Lakers,11-16,118,BOS,Celtics,22-7,122
12/13/2022,UTA,Jazz,16-14,121,NOP,Pelicans,18-9,100
12/13/2022,HOU,Rockets,9-18,111,PHX,Suns,16-12,97
12/13/2022,PHI,76ers,15-12,123,SAC,Kings,14-12,103
12/13/2022,MIL,Bucks,20-7,128,GSW,Warriors,14-14,111
12/14/2022,DEN,Nuggets,17-10,141,WAS,Wizards,11-18,128
12/14/2022,LAC,Clippers,17-13,99,MIN,Timberwolves,13-15,88
12/14/2022,CHA,Hornets,7-21,134,DET,Pistons,8-22,141
12/14/2022,SAS,Spurs,9-19,112,POR,Trail Blazers,16-12,128
12/14/2022,DAL,Mavericks,14-14,90,CLE,Cavaliers,18-11,105
12/14/2022,ORL,Magic,9-20,135,ATL,Hawks,14-15,124
12/14/2022,IND,Pacers,15-14,125,GSW,Warriors,14-15,119
12/14/2022,TOR,Raptors,13-15,123,SAC,Kings,15-12,124
12/14/2022,OKC,Thunder,11-17,108,MIA,Heat,14-15,110
12/14/2022,CHI,Bulls,11-16,120,NYK,Knicks,15-13,128
12/15/2022,MEM,Grizzlies,19-9,142,MIL,Bucks,20-8,101
12/15/2022,UTA,Jazz,17-14,132,NOP,Pelicans,18-10,129
12/15/2022,LAC,Clippers,17-14,95,PHX,Suns,17-12,111
12/15/2022,HOU,Rockets,9-19,108,MIA,Heat,15-15,111
12/16/2022,BOS,Celtics,22-8,109,ORL,Magic,10-20,117
12/16/2022,PHI,76ers,16-12,118,GSW,Warriors,14-16,106
12/16/2022,CHA,Hornets,7-22,106,ATL,Hawks,15-15,125
12/16/2022,CHI,Bulls,11-17,91,NYK,Knicks,16-13,114
12/16/2022,OKC,Thunder,11-18,110,MIN,Timberwolves,14-15,112
12/16/2022,CLE,Cavaliers,19-11,118,IND,Pacers,15-15,112
12/16/2022,DAL,Mavericks,15-14,130,POR,Trail Blazers,16-13,110
12/16/2022,TOR,Raptors,13-16,116,BKN,Nets,18-12,119
12/16/2022,LAL,Lakers,12-16,126,DEN,Nuggets,17-11,108
12/16/2022,DET,Pistons,8-23,113,SAC,Kings,16-12,122
12/17/2022,LAC,Clippers,18-14,102,WAS,Wizards,11-19,93
12/17/2022,OKC,Thunder,12-18,115,MEM,Grizzlies,19-10,109
12/17/2022,HOU,Rockets,9-20,95,POR,Trail Blazers,17-13,107
12/17/2022,CLE,Cavaliers,20-11,100,DAL,Mavericks,15-15,99
12/17/2022,SAS,Spurs,9-20,101,MIA,Heat,16-15,111
12/17/2022,PHX,Suns,18-12,118,NOP,Pelicans,18-11,114
12/17/2022,MIL,Bucks,21-8,123,UTA,Jazz,17-15,97
12/18/2022,IND,Pacers,15-16,106,NYK,Knicks,17-13,109
12/18/2022,LAL,Lakers,13-16,119,WAS,Wizards,11-20,117
12/18/2022,MIN,Timberwolves,15-15,150,CHI,Bulls,11-18,126
12/18/2022,BOS,Celtics,22-9,92,ORL,Magic,11-20,95
12/18/2022,DEN,Nuggets,18-11,119,CHA,Hornets,7-23,115
12/18/2022,DET,Pistons,8-24,121,BKN,Nets,19-12,124
12/18/2022,TOR,Raptors,13-17,110,GSW,Warriors,15-16,126
12/19/2022,OKC,Thunder,13-18,123,POR,Trail Blazers,17-14,121
12/19/2022,HOU,Rockets,9-21,105,SAS,Spurs,10-20,124
12/19/2022,ATL,Hawks,16-15,126,ORL,Magic,11-21,125
12/19/2022,CLE,Cavaliers,21-11,122,UTA,Jazz,17-16,99
12/19/2022,PHX,Suns,19-12,130,LAL,Lakers,13-17,104
12/19/2022,PHI,76ers,17-12,104,TOR,Raptors,13-18,101
12/19/2022,SAC,Kings,16-13,119,CHA,Hornets,8-23,125
12/19/2022,NOP,Pelicans,18-12,119,MIL,Bucks,22-8,128
12/19/2022,MIN,Timberwolves,16-15,116,DAL,Mavericks,15-16,106
12/20/2022,NYK,Knicks,18-13,132,GSW,Warriors,15-17,94
12/20/2022,DEN,Nuggets,19-11,105,MEM,Grizzlies,19-11,91
12/20/2022,DET,Pistons,8-25,111,UTA,Jazz,18-16,126
12/20/2022,MIA,Heat,16-16,103,CHI,Bulls,12-18,113
12/20/2022,PHX,Suns,19-13,110,WAS,Wizards,12-20,113
12/21/2022,BKN,Nets,20-12,143,GSW,Warriors,15-18,113
12/21/2022,PHI,76ers,18-12,113,DET,Pistons,8-26,93
12/21/2022,HOU,Rockets,9-22,110,ORL,Magic,12-21,116
12/21/2022,OKC,Thunder,14-18,101,POR,Trail Blazers,17-15,98
12/21/2022,BOS,Celtics,22-10,112,IND,Pacers,16-16,117
12/21/2022,CLE,Cavaliers,22-11,114,MIL,Bucks,22-9,106
12/21/2022,ATL,Hawks,16-16,108,CHI,Bulls,13-18,110
12/21/2022,NYK,Knicks,18-14,106,TOR,Raptors,14-18,113
12/21/2022,MIN,Timberwolves,16-16,99,DAL,Mavericks,16-16,104
12/21/2022,SAC,Kings,17-13,134,LAL,Lakers,13-18,120
12/21/2022,LAC,Clippers,19-14,126,CHA,Hornets,8-24,105
12/22/2022,UTA,Jazz,19-16,120,WAS,Wizards,12-21,112
12/22/2022,NOP,Pelicans,19-12,126,SAS,Spurs,10-21,117
12/23/2022,ATL,Hawks,17-16,130,DET,Pistons,8-27,105
12/23/2022,LAL,Lakers,13-19,130,CHA,Hornets,9-24,134
12/23/2022,SAC,Kings,17-14,111,WAS,Wizards,13-21,125
12/23/2022,NYK,Knicks,18-15,117,CHI,Bulls,14-18,118
12/23/2022,OKC,Thunder,14-19,125,NOP,Pelicans,20-12,128
12/23/2022,PHI,76ers,19-12,119,LAC,Clippers,19-15,114
12/23/2022,BKN,Nets,21-12,118,MIL,Bucks,22-10,100
12/23/2022,PHX,Suns,19-14,100,MEM,Grizzlies,20-11,125
12/23/2022,CLE,Cavaliers,22-12,107,TOR,Raptors,15-18,118
12/23/2022,DEN,Nuggets,20-11,120,POR,Trail Blazers,17-16,107
12/23/2022,HOU,Rockets,9-23,106,DAL,Mavericks,17-16,112
12/23/2022,MIA,Heat,16-17,108,IND,Pacers,17-16,111
12/23/2022,BOS,Celtics,23-10,121,MIN,Timberwolves,16-17,109
12/23/2022,ORL,Magic,13-21,133,SAS,Spurs,10-22,113
12/25/2022,DAL,Mavericks,18-16,124,LAL,Lakers,13-20,115
12/25/2022,GSW,Warriors,16-18,123,MEM,Grizzlies,20-12,109
12/25/2022,NYK,Knicks,18-16,112,PHI,76ers,20-12,119
12/25/2022,BOS,Celtics,24-10,139,MIL,Bucks,22-11,118
12/25/2022,DEN,Nuggets,21-11,128,PHX,Suns,19-15,125
12/26/2022,MIA,Heat,17-17,113,MIN,Timberwolves,16-18,110
12/26/2022,POR,Trail Blazers,18-16,124,CHA,Hornets,9-25,113
12/26/2022,SAS,Spurs,11-22,126,UTA,Jazz,19-17,122
12/26/2022,CLE,Cavaliers,22-13,117,BKN,Nets,22-12,125
12/26/2022,DET,Pistons,8-28,131,LAC,Clippers,20-15,142
12/26/2022,NOP,Pelicans,21-12,113,IND,Pacers,17-17,93
12/26/2022,CHI,Bulls,14-19,118,HOU,Rockets,10-23,133
12/27/2022,BOS,Celtics,25-10,126,HOU,Rockets,10-24,102
12/27/2022,MEM,Grizzlies,20-13,108,PHX,Suns,20-15,125
12/27/2022,OKC,Thunder,15-19,130,SAS,Spurs,11-23,114
12/27/2022,SAC,Kings,17-15,106,DEN,Nuggets,22-11,113
12/27/2022,GSW,Warriors,17-18,110,CHA,Hornets,9-26,105
12/27/2022,TOR,Raptors,15-19,113,LAC,Clippers,21-15,124
12/27/2022,WAS,Wizards,14-21,116,PHI,76ers,20-13,111
12/27/2022,ORL,Magic,13-22,110,LAL,Lakers,14-20,129
12/27/2022,IND,Pacers,18-17,129,ATL,Hawks,17-17,114
12/27/2022,DAL,Mavericks,19-16,126,NYK,Knicks,18-17,121
12/28/2022,GSW,Warriors,18-18,112,UTA,Jazz,19-18,107
12/28/2022,ATL,Hawks,17-18,107,BKN,Nets,23-12,108
12/28/2022,SAC,Kings,18-15,127,DEN,Nuggets,22-12,126
12/28/2022,CHI,Bulls,15-19,119,MIL,Bucks,22-12,113
12/28/2022,MIA,Heat,18-17,112,LAL,Lakers,14-21,98
12/28/2022,NOP,Pelicans,22-12,119,MIN,Timberwolves,16-19,118
12/28/2022,WAS,Wizards,15-21,127,PHX,Suns,20-16,102
12/28/2022,DET,Pistons,9-28,121,ORL,Magic,13-23,101
12/29/2022,SAS,Spurs,12-23,122,NYK,Knicks,18-18,115
12/29/2022,TOR,Raptors,15-20,106,MEM,Grizzlies,21-13,119
12/29/2022,IND,Pacers,19-17,135,CLE,Cavaliers,22-14,126
12/29/2022,BOS,Celtics,26-10,116,LAC,Clippers,21-16,110
12/29/2022,DAL,Mavericks,20-16,129,HOU,Rockets,10-25,114
12/29/2022,CHA,Hornets,10-26,121,OKC,Thunder,15-20,113
12/30/2022,GSW,Warriors,19-18,118,POR,Trail Blazers,18-17,112
12/30/2022,TOR,Raptors,16-20,113,PHX,Suns,20-17,104
12/30/2022,MIL,Bucks,23-12,123,MIN,Timberwolves,16-20,114
12/30/2022,NOP,Pelicans,23-12,127,PHI,76ers,20-14,116
12/30/2022,DEN,Nuggets,23-12,124,MIA,Heat,18-18,119
12/30/2022,SAC,Kings,19-15,126,UTA,Jazz,19-19,125
12/30/2022,ORL,Magic,13-24,100,WAS,Wizards,16-21,119
12/30/2022,ATL,Hawks,17-19,121,LAL,Lakers,15-21,130
12/30/2022,CHI,Bulls,16-19,132,DET,Pistons,9-29,118
12/31/2022,UTA,Jazz,19-20,123,MIA,Heat,19-18,126
12/31/2022,CHA,Hornets,10-27,106,BKN,Nets,24-12,123
12/31/2022,MEM,Grizzlies,22-13,116,NOP,Pelicans,23-13,101
12/31/2022,HOU,Rockets,10-26,88,NYK,Knicks,19-18,108
12/31/2022,SAS,Spurs,12-24,125,DAL,Mavericks,21-16,126
12/31/2022,IND,Pacers,20-17,131,LAC,Clippers,21-17,130
12/31/2022,MIN,Timberwolves,16-21,104,DET,Pistons,10-29,116
12/31/2022,CHI,Bulls,16-20,102,CLE,Cavaliers,23-14,103
12/31/2022,OKC,Thunder,15-21,96,PHI,76ers,21-14,115
1/1/2023,MEM,Grizzlies,23-13,118,SAC,Kings,19-16,108
1/1/2023,DEN,Nuggets,24-12,123,BOS,Celtics,26-11,111
1/1/2023,MIL,Bucks,23-13,95,WAS,Wizards,17-21,118
1/2/2023,IND,Pacers,21-17,122,TOR,Raptors,16-21,114
1/2/2023,CHA,Hornets,10-28,115,LAL,Lakers,16-21,121
1/2/2023,CLE,Cavaliers,24-14,145,CHI,Bulls,16-21,134
1/2/2023,NYK,Knicks,20-18,102,PHX,Suns,20-18,83
1/2/2023,POR,Trail Blazers,19-17,135,DET,Pistons,10-30,106
1/2/2023,PHI,76ers,22-14,120,NOP,Pelicans,23-14,111
1/2/2023,MIN,Timberwolves,17-21,124,DEN,Nuggets,24-13,111
1/2/2023,BKN,Nets,25-12,139,SAS,Spurs,12-25,103
1/2/2023,HOU,Rockets,10-27,106,DAL,Mavericks,22-16,111
1/2/2023,GSW,Warriors,20-18,143,ATL,Hawks,17-20,141
1/2/2023,LAC,Clippers,21-18,100,MIA,Heat,20-18,110
1/3/2023,MIL,Bucks,24-13,123,WAS,Wizards,17-22,113
1/3/2023,UTA,Jazz,19-21,115,SAC,Kings,20-16,117
1/3/2023,OKC,Thunder,16-21,150,BOS,Celtics,26-12,117
1/4/2023,PHI,76ers,23-14,129,IND,Pacers,21-18,126
1/4/2023,CHI,Bulls,17-21,121,BKN,Nets,25-13,112
1/4/2023,CLE,Cavaliers,25-14,90,PHX,Suns,20-19,88
1/4/2023,MIN,Timberwolves,18-21,113,POR,Trail Blazers,19-18,106
1/4/2023,TOR,Raptors,16-22,101,MIL,Bucks,25-13,104
1/4/2023,ORL,Magic,14-24,126,OKC,Thunder,16-22,115
1/4/2023,NYK,Knicks,21-18,117,SAS,Spurs,12-26,114
1/4/2023,NOP,Pelicans,24-14,119,HOU,Rockets,10-28,108
1/4/2023,CHA,Hornets,10-29,107,MEM,Grizzlies,24-13,131
1/4/2023,GSW,Warriors,20-19,119,DET,Pistons,11-30,122
1/4/2023,SAC,Kings,20-17,117,ATL,Hawks,18-20,120
1/4/2023,LAL,Lakers,17-21,112,MIA,Heat,20-19,109
1/5/2023,DAL,Mavericks,22-17,95,BOS,Celtics,27-12,124
1/5/2023,HOU,Rockets,10-29,114,UTA,Jazz,20-21,131
1/5/2023,DEN,Nuggets,25-13,122,LAC,Clippers,21-19,91
1/5/2023,ORL,Magic,14-25,115,MEM,Grizzlies,25-13,123
1/6/2023,PHI,76ers,23-15,112,CHI,Bulls,18-21,126
1/6/2023,LAL,Lakers,18-21,130,ATL,Hawks,18-21,114
1/6/2023,NOP,Pelicans,24-15,102,BKN,Nets,26-13,108
1/6/2023,IND,Pacers,22-18,108,POR,Trail Blazers,19-19,99
1/6/2023,SAS,Spurs,13-26,121,DET,Pistons,11-31,109
1/6/2023,OKC,Thunder,17-22,127,WAS,Wizards,17-23,110
1/6/2023,PHX,Suns,20-20,96,MIA,Heat,21-19,104
1/6/2023,MIN,Timberwolves,19-21,128,LAC,Clippers,21-20,115
1/6/2023,DEN,Nuggets,26-13,121,CLE,Cavaliers,25-15,108
1/6/2023,TOR,Raptors,16-23,108,NYK,Knicks,22-18,112
1/6/2023,MIL,Bucks,25-14,109,CHA,Hornets,11-29,138
1/7/2023,CHI,Bulls,19-21,126,UTA,Jazz,20-22,118
1/7/2023,DAL,Mavericks,23-17,127,NOP,Pelicans,24-16,117
1/7/2023,SAC,Kings,20-18,134,LAL,Lakers,19-21,136
1/7/2023,GSW,Warriors,20-20,101,ORL,Magic,15-25,115
1/7/2023,SAS,Spurs,13-27,116,BOS,Celtics,28-12,121
1/8/2023,OKC,Thunder,18-22,120,DAL,Mavericks,23-18,109
1/8/2023,PHX,Suns,20-21,98,CLE,Cavaliers,26-15,112
1/8/2023,IND,Pacers,23-18,116,CHA,Hornets,11-30,111
1/8/2023,DET,Pistons,11-32,111,PHI,76ers,24-15,123
1/8/2023,TOR,Raptors,17-23,117,POR,Trail Blazers,19-20,105
1/8/2023,MEM,Grizzlies,26-13,123,UTA,Jazz,20-23,118
1/8/2023,MIA,Heat,21-20,101,BKN,Nets,27-13,102
1/8/2023,HOU,Rockets,10-30,96,MIN,Timberwolves,20-21,104
1/8/2023,LAC,Clippers,21-21,108,ATL,Hawks,19-21,112
1/9/2023,WAS,Wizards,17-24,112,NOP,Pelicans,25-16,132
1/9/2023,BOS,Celtics,29-12,107,CHI,Bulls,19-22,99
1/9/2023,MEM,Grizzlies,27-13,121,SAS,Spurs,13-28,113
1/9/2023,NYK,Knicks,22-19,107,MIL,Bucks,26-14,111
1/9/2023,SAC,Kings,21-18,136,ORL,Magic,15-26,111
1/9/2023,DEN,Nuggets,27-13,122,LAL,Lakers,19-22,109
1/10/2023,MIA,Heat,22-20,112,OKC,Thunder,18-23,111
1/10/2023,UTA,Jazz,21-23,116,CLE,Cavaliers,26-16,114
1/10/2023,GSW,Warriors,20-21,113,PHX,Suns,21-21,125
1/10/2023,TOR,Raptors,18-23,132,CHA,Hornets,11-31,120
1/10/2023,POR,Trail Blazers,19-21,106,ORL,Magic,16-26,109
1/10/2023,LAC,Clippers,22-21,113,DAL,Mavericks,23-19,101
1/10/2023,PHI,76ers,25-15,147,DET,Pistons,11-33,116
1/11/2023,WAS,Wizards,18-24,100,CHI,Bulls,19-23,97
1/11/2023,NYK,Knicks,23-19,119,IND,Pacers,23-19,113
1/11/2023,SAC,Kings,22-18,135,HOU,Rockets,10-31,115
1/11/2023,ATL,Hawks,19-22,105,MIL,Bucks,27-14,114
1/11/2023,BOS,Celtics,30-12,125,NOP,Pelicans,25-17,114
1/11/2023,DET,Pistons,12-33,135,MIN,Timberwolves,20-22,118
1/11/2023,MEM,Grizzlies,28-13,135,SAS,Spurs,13-29,129
1/11/2023,DEN,Nuggets,28-13,126,PHX,Suns,21-22,97
1/12/2023,LAL,Lakers,19-23,115,DAL,Mavericks,24-19,119
1/12/2023,TOR,Raptors,19-23,124,CHA,Hornets,11-32,114
1/12/2023,MIA,Heat,23-20,108,MIL,Bucks,27-15,102
1/12/2023,POR,Trail Blazers,19-22,113,CLE,Cavaliers,27-16,119
1/12/2023,BKN,Nets,27-14,98,BOS,Celtics,31-12,109
1/12/2023,PHI,76ers,25-16,114,OKC,Thunder,19-23,133
1/13/2023,DET,Pistons,12-34,110,NOP,Pelicans,26-17,116
1/13/2023,CHI,Bulls,19-24,110,OKC,Thunder,20-23,124
1/13/2023,UTA,Jazz,22-23,112,ORL,Magic,16-27,108
1/13/2023,WAS,Wizards,18-25,108,NYK,Knicks,24-19,112
1/13/2023,IND,Pacers,23-20,111,ATL,Hawks,20-22,113
1/13/2023,SAS,Spurs,13-30,113,GSW,Warriors,21-21,144
1/13/2023,MIN,Timberwolves,21-22,121,PHX,Suns,21-23,116
1/13/2023,LAC,Clippers,22-22,103,DEN,Nuggets,29-13,115
1/13/2023,SAC,Kings,23-18,139,HOU,Rockets,10-32,114
1/14/2023,POR,Trail Blazers,20-22,136,DAL,Mavericks,24-20,119
1/14/2023,MIN,Timberwolves,22-22,110,CLE,Cavaliers,27-17,102
1/14/2023,UTA,Jazz,22-24,117,PHI,76ers,26-16,118
1/14/2023,MIA,Heat,24-20,111,MIL,Bucks,27-16,95
1/14/2023,CHA,Hornets,11-33,106,BOS,Celtics,32-12,122
1/14/2023,IND,Pacers,23-21,112,MEM,Grizzlies,29-13,130
1/14/2023,TOR,Raptors,19-24,103,ATL,Hawks,21-22,114
1/15/2023,DET,Pistons,12-35,104,NYK,Knicks,25-19,117
1/15/2023,BKN,Nets,27-15,102,OKC,Thunder,21-23,112
1/15/2023,SAS,Spurs,13-31,119,SAC,Kings,24-18,132
1/15/2023,CHI,Bulls,20-24,132,GSW,Warriors,21-22,118
1/15/2023,DEN,Nuggets,30-13,119,ORL,Magic,16-28,116
1/15/2023,POR,Trail Blazers,21-22,140,DAL,Mavericks,24-21,123
1/15/2023,LAL,Lakers,19-24,112,PHI,76ers,27-16,113
1/15/2023,LAC,Clippers,23-22,121,HOU,Rockets,10-33,100
1/16/2023,ATL,Hawks,22-22,121,MIA,Heat,24-21,113
1/16/2023,CHA,Hornets,11-34,118,BOS,Celtics,33-12,130
1/16/2023,MIN,Timberwolves,22-23,125,UTA,Jazz,23-24,126
1/16/2023,CLE,Cavaliers,28-17,113,NOP,Pelicans,26-18,103
1/16/2023,NYK,Knicks,25-20,121,TOR,Raptors,20-24,123
1/16/2023,LAL,Lakers,20-24,140,HOU,Rockets,10-34,132
1/16/2023,MEM,Grizzlies,30-13,136,PHX,Suns,21-24,106
1/16/2023,WAS,Wizards,18-26,118,GSW,Warriors,22-22,127
1/16/2023,MIL,Bucks,28-16,132,IND,Pacers,23-22,119
1/17/2023,SAS,Spurs,14-31,106,BKN,Nets,27-16,98
1/17/2023,DEN,Nuggets,31-13,122,POR,Trail Blazers,21-23,113
1/17/2023,LAC,Clippers,23-23,110,PHI,76ers,28-16,120
1/17/2023,MIL,Bucks,29-16,130,TOR,Raptors,20-25,122
1/18/2023,DEN,Nuggets,32-13,122,MIN,Timberwolves,22-24,118
1/18/2023,HOU,Rockets,10-35,117,CHA,Hornets,12-34,122
1/18/2023,NOP,Pelicans,26-19,98,MIA,Heat,25-21,124
1/18/2023,LAL,Lakers,20-25,111,SAC,Kings,25-18,116
1/18/2023,DAL,Mavericks,24-22,122,ATL,Hawks,23-22,130
1/18/2023,NYK,Knicks,25-21,105,WAS,Wizards,19-26,116
1/18/2023,UTA,Jazz,24-24,126,LAC,Clippers,23-24,103
1/18/2023,OKC,Thunder,22-23,126,IND,Pacers,23-23,106
1/18/2023,MEM,Grizzlies,31-13,115,CLE,Cavaliers,28-18,114
1/19/2023,BOS,Celtics,34-12,121,GSW,Warriors,22-23,118
1/19/2023,MIN,Timberwolves,23-24,128,TOR,Raptors,20-26,126
1/19/2023,POR,Trail Blazers,21-24,95,PHI,76ers,29-16,105
1/19/2023,PHX,Suns,22-24,117,BKN,Nets,27-17,112
1/19/2023,DET,Pistons,12-36,108,CHI,Bulls,21-24,126
1/20/2023,SAC,Kings,26-18,118,OKC,Thunder,22-24,113
1/20/2023,UTA,Jazz,24-25,106,BKN,Nets,28-17,117
1/20/2023,CLE,Cavaliers,28-19,114,GSW,Warriors,23-23,120
1/20/2023,LAL,Lakers,21-25,122,MEM,Grizzlies,31-14,121
1/20/2023,DEN,Nuggets,33-13,134,IND,Pacers,23-24,111
1/20/2023,DAL,Mavericks,25-22,115,MIA,Heat,25-22,90
1/20/2023,SAS,Spurs,14-32,126,LAC,Clippers,24-24,131
1/20/2023,ATL,Hawks,24-22,139,NYK,Knicks,25-22,124
1/20/2023,ORL,Magic,17-28,123,NOP,Pelicans,26-20,110
1/21/2023,ATL,Hawks,24-23,118,CHA,Hornets,13-34,122
1/21/2023,PHX,Suns,23-24,112,IND,Pacers,23-25,107
1/21/2023,SAC,Kings,26-19,127,PHI,76ers,30-16,129
1/21/2023,MIN,Timberwolves,24-24,113,HOU,Rockets,10-36,104
1/21/2023,CLE,Cavaliers,29-19,114,MIL,Bucks,29-17,102
1/21/2023,WAS,Wizards,20-26,138,ORL,Magic,17-29,118
1/21/2023,TOR,Raptors,20-27,104,BOS,Celtics,35-12,106
1/22/2023,DAL,Mavericks,25-23,98,LAC,Clippers,25-24,112
1/22/2023,MIA,Heat,26-22,100,NOP,Pelicans,26-21,96
1/22/2023,PHX,Suns,24-24,112,MEM,Grizzlies,31-15,110
1/22/2023,GSW,Warriors,23-24,116,BKN,Nets,29-17,120
1/22/2023,TOR,Raptors,21-27,125,NYK,Knicks,25-23,116
1/22/2023,POR,Trail Blazers,21-25,112,LAL,Lakers,22-25,121
1/22/2023,DEN,Nuggets,33-14,99,OKC,Thunder,23-24,101
1/23/2023,SAC,Kings,27-19,133,MEM,Grizzlies,31-16,100
1/23/2023,ORL,Magic,18-29,113,BOS,Celtics,35-13,98
1/23/2023,DET,Pistons,12-37,130,MIL,Bucks,30-17,150
1/23/2023,CHI,Bulls,22-24,111,ATL,Hawks,24-24,100
1/23/2023,UTA,Jazz,25-25,120,CHA,Hornets,13-35,102
1/23/2023,POR,Trail Blazers,22-25,147,SAS,Spurs,14-33,127
1/23/2023,HOU,Rockets,11-36,119,MIN,Timberwolves,24-25,114
1/24/2023,PHX,Suns,25-24,128,CHA,Hornets,13-36,97
1/24/2023,DAL,Mavericks,25-24,126,WAS,Wizards,21-26,127
1/24/2023,NOP,Pelicans,26-22,98,DEN,Nuggets,34-14,99
1/24/2023,NYK,Knicks,26-23,105,CLE,Cavaliers,29-20,103
1/24/2023,MIA,Heat,27-22,98,BOS,Celtics,35-14,95
1/24/2023,IND,Pacers,24-25,116,CHI,Bulls,22-25,110
1/24/2023,LAL,Lakers,22-26,115,LAC,Clippers,26-24,133
1/25/2023,MIL,Bucks,31-17,107,DEN,Nuggets,34-15,99
1/25/2023,SAC,Kings,27-20,95,TOR,Raptors,22-27,113
1/25/2023,POR,Trail Blazers,23-25,134,UTA,Jazz,25-26,124
1/25/2023,GSW,Warriors,24-24,122,MEM,Grizzlies,31-17,120
1/25/2023,ORL,Magic,19-29,126,IND,Pacers,24-26,120
1/25/2023,OKC,Thunder,23-25,132,ATL,Hawks,25-24,137
1/25/2023,NOP,Pelicans,26-23,102,MIN,Timberwolves,25-25,111
1/25/2023,HOU,Rockets,11-37,103,WAS,Wizards,22-26,108
1/25/2023,PHI,76ers,31-16,137,BKN,Nets,29-18,133
1/25/2023,LAL,Lakers,23-26,113,SAS,Spurs,14-34,104
1/26/2023,HOU,Rockets,11-38,95,CLE,Cavaliers,30-20,113
1/26/2023,LAC,Clippers,27-24,138,SAS,Spurs,14-35,100
1/26/2023,PHX,Suns,25-25,95,DAL,Mavericks,26-24,99
1/26/2023,BOS,Celtics,35-15,117,NYK,Knicks,27-23,120
1/26/2023,BKN,Nets,29-19,122,DET,Pistons,13-37,130
1/26/2023,CHA,Hornets,14-36,111,CHI,Bulls,22-26,96
1/27/2023,MIN,Timberwolves,26-25,111,MEM,Grizzlies,31-18,100
1/27/2023,OKC,Thunder,24-25,112,CLE,Cavaliers,30-21,100
1/27/2023,IND,Pacers,24-27,131,MIL,Bucks,32-17,141
1/27/2023,MIA,Heat,28-22,110,ORL,Magic,19-30,105
1/27/2023,GSW,Warriors,25-24,129,TOR,Raptors,22-28,117
1/28/2023,BKN,Nets,30-19,122,NYK,Knicks,27-24,115
1/28/2023,POR,Trail Blazers,23-26,105,TOR,Raptors,23-28,123
1/28/2023,ATL,Hawks,25-25,113,LAC,Clippers,28-24,120
1/28/2023,BOS,Celtics,36-15,125,LAL,Lakers,23-27,121
1/28/2023,NOP,Pelicans,26-24,103,WAS,Wizards,23-26,113
1/28/2023,ORL,Magic,19-31,109,CHI,Bulls,23-26,128
1/28/2023,PHI,76ers,32-16,126,DEN,Nuggets,34-16,119
1/28/2023,DET,Pistons,13-38,114,HOU,Rockets,12-38,117
1/28/2023,UTA,Jazz,26-26,108,DAL,Mavericks,26-25,100
1/28/2023,MIN,Timberwolves,27-25,117,SAC,Kings,27-21,110
1/28/2023,SAS,Spurs,14-36,118,PHX,Suns,26-25,128
1/29/2023,MEM,Grizzlies,32-18,112,IND,Pacers,24-28,100
1/29/2023,CLE,Cavaliers,31-21,122,LAC,Clippers,28-25,99
1/29/2023,CHA,Hornets,15-36,122,MIA,Heat,28-23,117
1/29/2023,MIL,Bucks,33-17,135,NOP,Pelicans,26-25,110
1/30/2023,DAL,Mavericks,27-25,111,DET,Pistons,13-39,105
1/30/2023,MIN,Timberwolves,27-26,111,SAC,Kings,28-21,118
1/30/2023,SAS,Spurs,14-37,106,WAS,Wizards,24-26,127
1/30/2023,OKC,Thunder,24-26,120,GSW,Warriors,26-24,128
1/30/2023,PHI,76ers,32-17,109,ORL,Magic,20-31,119
1/30/2023,POR,Trail Blazers,24-26,129,ATL,Hawks,25-26,125
1/30/2023,BKN,Nets,31-19,121,LAL,Lakers,23-28,104
1/30/2023,PHX,Suns,27-25,114,TOR,Raptors,23-29,106
1/31/2023,MIL,Bucks,34-17,124,CHA,Hornets,15-37,115
1/31/2023,CHI,Bulls,23-27,103,LAC,Clippers,29-25,108
1/31/2023,DEN,Nuggets,35-16,122,NOP,Pelicans,26-26,113
1/31/2023,NYK,Knicks,27-25,123,LAL,Lakers,24-28,129
1/31/2023,CLE,Cavaliers,31-22,97,MIA,Heat,29-23,100
2/1/2023,SAS,Spurs,14-38,109,SAC,Kings,29-21,119
2/1/2023,MIN,Timberwolves,28-26,119,GSW,Warriors,26-25,114
2/1/2023,PHX,Suns,27-26,100,ATL,Hawks,26-26,132
2/1/2023,UTA,Jazz,27-26,131,TOR,Raptors,23-30,128
2/1/2023,HOU,Rockets,13-38,112,OKC,Thunder,24-27,106
2/1/2023,PHI,76ers,33-17,105,ORL,Magic,20-32,94
2/1/2023,BOS,Celtics,37-15,139,BKN,Nets,31-20,96
2/1/2023,MEM,Grizzlies,32-19,112,POR,Trail Blazers,25-26,122
2/2/2023,MIL,Bucks,35-17,106,LAC,Clippers,29-26,105
2/2/2023,DEN,Nuggets,36-16,134,GSW,Warriors,26-26,117
2/2/2023,IND,Pacers,24-29,111,LAL,Lakers,25-28,112
2/2/2023,DAL,Mavericks,28-25,111,NOP,Pelicans,26-27,106
2/2/2023,CLE,Cavaliers,32-22,128,MEM,Grizzlies,32-20,113
2/2/2023,CHI,Bulls,24-27,114,CHA,Hornets,15-38,98
2/2/2023,NYK,Knicks,28-25,106,MIA,Heat,29-24,104
2/3/2023,SAS,Spurs,14-39,125,PHI,76ers,34-17,137
2/3/2023,BOS,Celtics,37-16,94,PHX,Suns,28-26,106
2/3/2023,IND,Pacers,25-29,107,SAC,Kings,29-22,104
2/3/2023,MIN,Timberwolves,28-27,120,ORL,Magic,21-32,127
2/3/2023,UTA,Jazz,27-27,108,ATL,Hawks,27-26,115
2/3/2023,DET,Pistons,14-39,118,CHA,Hornets,15-39,112
2/3/2023,WAS,Wizards,24-27,116,POR,Trail Blazers,26-26,124
2/3/2023,HOU,Rockets,13-39,111,TOR,Raptors,24-30,117
2/4/2023,DEN,Nuggets,37-16,128,ATL,Hawks,27-27,108
2/4/2023,GSW,Warriors,27-26,119,DAL,Mavericks,28-26,113
2/4/2023,MIL,Bucks,36-17,123,MIA,Heat,29-25,115
2/4/2023,OKC,Thunder,25-27,153,HOU,Rockets,13-40,121
2/4/2023,CHI,Bulls,25-27,129,POR,Trail Blazers,26-27,121
2/4/2023,BKN,Nets,32-20,125,WAS,Wizards,24-28,123
2/4/2023,NYK,Knicks,28-26,128,LAC,Clippers,30-26,134
2/4/2023,DET,Pistons,14-40,100,PHX,Suns,29-26,116
2/4/2023,NOP,Pelicans,27-27,131,LAL,Lakers,25-29,126
2/5/2023,NYK,Knicks,29-26,108,PHI,76ers,34-18,97
2/5/2023,MIN,Timberwolves,29-27,128,DEN,Nuggets,37-17,98
2/5/2023,CHA,Hornets,15-40,113,ORL,Magic,22-32,119
2/5/2023,IND,Pacers,25-30,103,CLE,Cavaliers,33-22,122
2/5/2023,MEM,Grizzlies,32-21,103,TOR,Raptors,25-30,106
2/5/2023,NOP,Pelicans,28-27,136,SAC,Kings,29-23,104
2/6/2023,GSW,Warriors,28-26,141,OKC,Thunder,25-28,114
2/6/2023,DET,Pistons,14-41,99,BOS,Celtics,38-16,111
2/6/2023,WAS,Wizards,24-29,91,CLE,Cavaliers,34-22,114
2/6/2023,UTA,Jazz,27-28,111,DAL,Mavericks,29-26,124
2/6/2023,POR,Trail Blazers,26-28,108,MIL,Bucks,37-17,127
2/6/2023,HOU,Rockets,13-41,120,SAC,Kings,30-23,140
2/6/2023,CHI,Bulls,26-27,128,SAS,Spurs,14-40,104
2/6/2023,BKN,Nets,32-21,116,LAC,Clippers,31-26,124
2/7/2023,ORL,Magic,22-33,98,NYK,Knicks,30-26,102
2/7/2023,MEM,Grizzlies,33-21,104,CHI,Bulls,26-28,89
2/7/2023,DEN,Nuggets,38-17,146,MIN,Timberwolves,29-28,112
2/7/2023,LAL,Lakers,25-30,130,OKC,Thunder,26-28,133
2/7/2023,BKN,Nets,32-22,112,PHX,Suns,30-26,116
2/7/2023,NOP,Pelicans,29-27,116,ATL,Hawks,27-28,107
2/8/2023,LAC,Clippers,31-27,104,DAL,Mavericks,30-26,110
2/8/2023,POR,Trail Blazers,27-28,125,GSW,Warriors,28-27,122
2/8/2023,CLE,Cavaliers,35-22,113,DET,Pistons,14-42,85
2/8/2023,UTA,Jazz,27-29,118,MIN,Timberwolves,30-28,143
2/8/2023,TOR,Raptors,26-30,112,SAS,Spurs,14-41,98
2/8/2023,BOS,Celtics,39-16,106,PHI,76ers,34-19,99
2/8/2023,WAS,Wizards,25-29,118,CHA,Hornets,15-41,104
2/8/2023,HOU,Rockets,13-42,128,SAC,Kings,31-23,130
2/8/2023,MIA,Heat,30-25,116,IND,Pacers,25-31,111
2/9/2023,ORL,Magic,23-33,115,DEN,Nuggets,38-18,104
2/9/2023,LAL,Lakers,25-31,106,MIL,Bucks,38-17,115
2/9/2023,BKN,Nets,33-22,116,CHI,Bulls,26-29,105
2/9/2023,ATL,Hawks,28-28,116,PHX,Suns,30-27,107
2/10/2023,SAC,Kings,31-24,114,DAL,Mavericks,31-26,122
2/10/2023,POR,Trail Blazers,27-29,129,OKC,Thunder,27-28,138
2/10/2023,TOR,Raptors,26-31,116,UTA,Jazz,28-29,122
2/10/2023,PHI,76ers,35-19,119,NYK,Knicks,30-27,108
2/10/2023,DET,Pistons,15-42,138,SAS,Spurs,14-42,131
2/10/2023,NOP,Pelicans,29-28,107,CLE,Cavaliers,36-22,118
2/10/2023,MEM,Grizzlies,34-21,128,MIN,Timberwolves,30-29,107
2/10/2023,BOS,Celtics,40-16,127,CHA,Hornets,15-42,116
2/10/2023,IND,Pacers,25-32,104,PHX,Suns,31-27,117
2/10/2023,MIA,Heat,31-25,97,HOU,Rockets,13-43,95
2/10/2023,LAC,Clippers,31-28,106,MIL,Bucks,39-17,119
2/11/2023,WAS,Wizards,26-29,127,IND,Pacers,25-33,113
2/11/2023,ATL,Hawks,29-28,125,SAS,Spurs,14-43,106
2/11/2023,ORL,Magic,23-34,103,MIA,Heat,32-25,107
2/11/2023,NYK,Knicks,31-27,126,UTA,Jazz,28-30,120
2/11/2023,CLE,Cavaliers,37-22,97,CHI,Bulls,26-30,89
2/11/2023,GSW,Warriors,28-28,103,LAL,Lakers,26-31,109
2/11/2023,SAC,Kings,32-24,133,DAL,Mavericks,31-27,128
2/11/2023,BKN,Nets,33-23,98,PHI,76ers,36-19,101
2/11/2023,CHA,Hornets,15-43,105,DEN,Nuggets,39-18,119
2/12/2023,TOR,Raptors,27-31,119,DET,Pistons,15-43,118
2/12/2023,BOS,Celtics,41-16,119,MEM,Grizzlies,34-22,109
2/13/2023,IND,Pacers,25-34,117,UTA,Jazz,29-30,123
2/13/2023,PHI,76ers,37-19,123,HOU,Rockets,13-44,104
2/13/2023,OKC,Thunder,27-29,100,NOP,Pelicans,30-28,103
2/13/2023,GSW,Warriors,29-28,135,WAS,Wizards,26-30,126
2/13/2023,CHA,Hornets,16-43,144,ATL,Hawks,29-29,138
2/13/2023,POR,Trail Blazers,28-29,127,LAL,Lakers,26-32,115
2/13/2023,MIA,Heat,32-26,108,DEN,Nuggets,40-18,112
2/13/2023,NYK,Knicks,32-27,124,BKN,Nets,33-24,106
2/13/2023,CHI,Bulls,26-31,91,ORL,Magic,24-34,100
2/13/2023,CLE,Cavaliers,38-22,117,SAS,Spurs,14-44,109
2/13/2023,DAL,Mavericks,31-28,121,MIN,Timberwolves,31-29,124
2/14/2023,TOR,Raptors,28-31,123,ORL,Magic,24-35,113
2/14/2023,MIL,Bucks,40-17,131,BOS,Celtics,41-17,125
2/14/2023,PHX,Suns,32-27,120,SAC,Kings,32-25,109
2/14/2023,LAC,Clippers,32-28,134,GSW,Warriors,29-29,124
2/14/2023,POR,Trail Blazers,28-30,101,WAS,Wizards,27-30,126
2/15/2023,MEM,Grizzlies,35-22,117,UTA,Jazz,29-31,111
2/15/2023,LAL,Lakers,27-32,120,NOP,Pelicans,30-29,102
2/15/2023,DEN,Nuggets,41-18,118,DAL,Mavericks,31-29,109
2/15/2023,ATL,Hawks,29-30,101,NYK,Knicks,33-27,122
2/15/2023,BKN,Nets,34-24,116,MIA,Heat,32-27,105
2/15/2023,BOS,Celtics,42-17,127,DET,Pistons,15-44,109
2/15/2023,IND,Pacers,26-34,117,CHI,Bulls,26-32,113
2/15/2023,PHI,76ers,38-19,118,CLE,Cavaliers,38-23,112
2/15/2023,CHA,Hornets,17-43,120,SAS,Spurs,14-45,110
2/15/2023,OKC,Thunder,28-29,133,HOU,Rockets,13-45,96
2/16/2023,CHI,Bulls,26-33,100,MIL,Bucks,41-17,112
2/16/2023,PHX,Suns,32-28,107,LAC,Clippers,33-28,116
2/16/2023,MIN,Timberwolves,31-30,106,WAS,Wizards,28-30,114
2/23/2023,UTA,Jazz,30-31,120,OKC,Thunder,28-30,119
2/23/2023,PHI,76ers,39-19,110,MEM,Grizzlies,35-23,105
2/23/2023,SAC,Kings,33-25,133,POR,Trail Blazers,28-31,116
2/23/2023,LAL,Lakers,28-32,124,GSW,Warriors,29-30,111
2/23/2023,DAL,Mavericks,32-29,142,SAS,Spurs,14-46,116
2/23/2023,TOR,Raptors,29-31,115,NOP,Pelicans,30-30,110
2/23/2023,ORL,Magic,25-35,108,DET,Pistons,15-45,106
2/23/2023,CLE,Cavaliers,38-24,109,DEN,Nuggets,42-18,115
2/23/2023,IND,Pacers,26-35,138,BOS,Celtics,43-17,142
2/24/2023,PHX,Suns,33-28,124,OKC,Thunder,28-31,115
2/24/2023,LAC,Clippers,33-29,175,SAC,Kings,34-25,176
2/24/2023,GSW,Warriors,30-30,116,HOU,Rockets,13-46,101
2/24/2023,MIN,Timberwolves,31-31,113,CHA,Hornets,18-43,121
2/24/2023,CHI,Bulls,27-33,131,BKN,Nets,34-25,87
2/24/2023,MIL,Bucks,42-17,128,MIA,Heat,32-28,99
2/24/2023,WAS,Wizards,28-31,109,NYK,Knicks,34-27,115
2/24/2023,ATL,Hawks,30-30,136,CLE,Cavaliers,38-25,119
2/25/2023,UTA,Jazz,31-31,118,SAS,Spurs,14-47,102
2/25/2023,MEM,Grizzlies,36-23,112,DEN,Nuggets,42-19,94
2/25/2023,ORL,Magic,25-36,108,IND,Pacers,27-35,121
2/25/2023,DET,Pistons,15-46,91,TOR,Raptors,30-31,95
2/25/2023,PHI,76ers,39-20,107,BOS,Celtics,44-17,110
2/25/2023,NYK,Knicks,35-27,128,NOP,Pelicans,30-31,106
2/25/2023,CHA,Hornets,19-43,108,MIA,Heat,32-29,103
2/26/2023,ATL,Hawks,31-30,129,BKN,Nets,34-26,127
2/26/2023,GSW,Warriors,31-30,109,MIN,Timberwolves,31-32,104
2/26/2023,CLE,Cavaliers,39-25,118,TOR,Raptors,30-32,93
2/26/2023,CHI,Bulls,28-33,102,WAS,Wizards,28-32,82
2/26/2023,OKC,Thunder,28-32,115,SAC,Kings,35-25,124
2/26/2023,POR,Trail Blazers,29-31,131,HOU,Rockets,13-47,114
2/26/2023,DEN,Nuggets,43-19,134,LAC,Clippers,33-30,124
2/26/2023,DAL,Mavericks,32-30,108,LAL,Lakers,29-32,111
2/26/2023,MIL,Bucks,43-17,104,PHX,Suns,33-29,101
2/27/2023,NOP,Pelicans,30-32,93,ORL,Magic,26-36,101
2/27/2023,PHI,76ers,39-21,99,MIA,Heat,33-29,101
2/27/2023,NYK,Knicks,36-27,109,BOS,Celtics,44-18,94
2/27/2023,CHA,Hornets,20-43,117,DET,Pistons,15-47,106
2/28/2023,ATL,Hawks,31-31,116,WAS,Wizards,29-32,119
2/28/2023,UTA,Jazz,31-32,94,SAS,Spurs,15-47,102
2/28/2023,DAL,Mavericks,32-31,122,IND,Pacers,28-35,124
2/28/2023,OKC,Thunder,28-33,117,SAC,Kings,36-25,123
2/28/2023,TOR,Raptors,31-32,104,CHI,Bulls,28-34,98
2/28/2023,MEM,Grizzlies,37-23,121,LAL,Lakers,29-33,109
2/28/2023,GSW,Warriors,32-30,123,POR,Trail Blazers,29-32,105
2/28/2023,BKN,Nets,34-27,104,MIL,Bucks,44-17,118
2/28/2023,HOU,Rockets,13-48,112,DEN,Nuggets,44-19,133
2/28/2023,LAC,Clippers,33-31,101,MIN,Timberwolves,32-32,108
3/1/2023,NYK,Knicks,37-27,142,BKN,Nets,34-28,118
3/1/2023,OKC,Thunder,28-34,117,LAL,Lakers,30-33,123
3/1/2023,DET,Pistons,15-48,115,CHI,Bulls,29-34,117
3/1/2023,CHA,Hornets,20-44,91,PHX,Suns,34-29,105
3/1/2023,MIA,Heat,33-30,96,PHI,76ers,40-21,119
3/1/2023,BOS,Celtics,45-18,117,CLE,Cavaliers,39-26,113
3/1/2023,HOU,Rockets,13-49,99,MEM,Grizzlies,38-23,113
3/1/2023,POR,Trail Blazers,29-33,110,NOP,Pelicans,31-32,121
3/1/2023,MIL,Bucks,45-17,139,ORL,Magic,26-37,117
3/2/2023,GSW,Warriors,33-30,115,LAC,Clippers,33-32,91
3/2/2023,WAS,Wizards,30-32,119,TOR,Raptors,31-33,108
3/2/2023,DAL,Mavericks,33-31,133,PHI,76ers,40-22,126
3/2/2023,SAS,Spurs,16-47,110,IND,Pacers,28-36,99
3/3/2023,GSW,Warriors,34-30,108,NOP,Pelicans,31-33,99
3/3/2023,LAL,Lakers,30-34,102,MIN,Timberwolves,33-32,110
3/3/2023,BOS,Celtics,45-19,105,BKN,Nets,35-28,115
3/3/2023,CHI,Bulls,29-35,104,PHX,Suns,35-29,125
3/3/2023,SAC,Kings,37-25,128,LAC,Clippers,33-33,127
3/3/2023,DEN,Nuggets,45-19,113,MEM,Grizzlies,38-24,97
3/3/2023,CHA,Hornets,20-45,106,ORL,Magic,27-37,117
3/3/2023,ATL,Hawks,32-31,129,POR,Trail Blazers,29-34,111
3/3/2023,MIA,Heat,33-31,120,NYK,Knicks,38-27,122
3/3/2023,OKC,Thunder,29-34,130,UTA,Jazz,31-33,103
3/4/2023,SAC,Kings,37-26,134,MIN,Timberwolves,34-32,138
3/4/2023,MIL,Bucks,45-18,130,PHI,76ers,41-22,133
3/4/2023,MIA,Heat,34-31,117,ATL,Hawks,32-32,109
3/4/2023,CLE,Cavaliers,40-26,114,DET,Pistons,15-49,90
3/4/2023,SAS,Spurs,16-48,110,HOU,Rockets,14-49,122
3/4/2023,WAS,Wizards,30-33,109,TOR,Raptors,32-33,116
3/5/2023,LAL,Lakers,31-34,113,GSW,Warriors,34-31,105
3/5/2023,HOU,Rockets,14-49,142,SAS,Spurs,16-48,110
3/5/2023,OKC,Thunder,29-34,129,UTA,Jazz,31-33,119
3/5/2023,BKN,Nets,36-28,102,CHA,Hornets,20-46,86
3/5/2023,DAL,Mavericks,33-32,126,PHX,Suns,36-29,130
3/5/2023,CHI,Bulls,29-36,122,IND,Pacers,29-36,125
3/5/2023,WAS,Wizards,30-33,111,MIL,Bucks,45-18,117
3/5/2023,BOS,Celtics,45-19,129,NYK,Knicks,38-27,131
3/5/2023,ORL,Magic,27-38,119,POR,Trail Blazers,30-34,122
3/5/2023,LAC,Clippers,34-33,135,MEM,Grizzlies,38-25,129
3/6/2023,DET,Pistons,15-50,104,POR,Trail Blazers,31-34,110
3/6/2023,SAC,Kings,38-26,123,NOP,Pelicans,31-34,108
3/6/2023,IND,Pacers,29-37,143,PHI,76ers,42-22,147
3/6/2023,CLE,Cavaliers,41-26,118,BOS,Celtics,45-21,114
3/6/2023,MIA,Heat,35-31,130,ATL,Hawks,32-33,128
3/6/2023,DEN,Nuggets,46-19,118,TOR,Raptors,32-34,113
3/7/2023,NYK,Knicks,39-28,105,CHA,Hornets,21-46,112
3/7/2023,HOU,Rockets,15-50,96,BKN,Nets,37-28,118
3/7/2023,LAL,Lakers,32-34,112,MEM,Grizzlies,38-26,103
3/7/2023,ORL,Magic,27-39,123,MIL,Bucks,47-18,134
3/7/2023,OKC,Thunder,31-34,137,GSW,Warriors,34-32,128
3/7/2023,DET,Pistons,15-51,117,WAS,Wizards,31-34,119
3/7/2023,MIN,Timberwolves,34-33,94,PHI,76ers,43-22,117
3/7/2023,DAL,Mavericks,34-32,120,UTA,Jazz,31-35,116
3/8/2023,WAS,Wizards,31-35,120,ATL,Hawks,33-33,122
3/8/2023,BOS,Celtics,46-21,115,POR,Trail Blazers,31-35,93
3/8/2023,NOP,Pelicans,32-34,113,DAL,Mavericks,34-33,106
3/8/2023,MIA,Heat,35-32,100,CLE,Cavaliers,42-26,104
3/8/2023,PHX,Suns,37-29,132,OKC,Thunder,31-35,101
3/8/2023,DEN,Nuggets,46-20,96,CHI,Bulls,30-36,117
3/8/2023,LAC,Clippers,35-33,108,TOR,Raptors,32-35,100
3/9/2023,MIL,Bucks,48-18,118,BKN,Nets,37-29,113
3/9/2023,SAC,Kings,39-26,122,NYK,Knicks,39-29,117
3/9/2023,IND,Pacers,30-37,134,HOU,Rockets,15-51,125
3/9/2023,MEM,Grizzlies,39-26,131,GSW,Warriors,34-33,110
3/9/2023,DET,Pistons,15-52,103,CHA,Hornets,22-46,113
3/9/2023,ORL,Magic,27-40,124,UTA,Jazz,32-35,131
3/10/2023,PHI,76ers,44-22,120,POR,Trail Blazers,31-36,119
3/10/2023,WAS,Wizards,31-36,107,ATL,Hawks,34-33,114
3/10/2023,SAS,Spurs,17-49,128,DEN,Nuggets,46-21,120
3/10/2023,MIA,Heat,36-32,119,CLE,Cavaliers,42-27,115
3/10/2023,MIN,Timberwolves,34-34,123,BKN,Nets,38-29,124
3/10/2023,LAL,Lakers,33-34,122,TOR,Raptors,32-36,112
3/11/2023,ORL,Magic,28-40,126,MIA,Heat,36-33,114
3/11/2023,DET,Pistons,15-53,115,IND,Pacers,31-37,121
3/11/2023,HOU,Rockets,15-52,111,CHI,Bulls,31-36,119
3/11/2023,NOP,Pelicans,32-35,96,OKC,Thunder,32-35,110
3/11/2023,PHX,Suns,37-30,119,SAC,Kings,40-26,128
3/11/2023,LAC,Clippers,36-33,106,NYK,Knicks,39-30,95
3/11/2023,CHA,Hornets,22-47,111,UTA,Jazz,33-35,119
3/11/2023,ATL,Hawks,34-34,125,BOS,Celtics,47-21,134
3/11/2023,MEM,Grizzlies,40-26,112,DAL,Mavericks,34-34,108
3/11/2023,GSW,Warriors,35-33,125,MIL,Bucks,48-19,116
3/12/2023,CHA,Hornets,22-48,108,CLE,Cavaliers,43-27,114
3/12/2023,NOP,Pelicans,33-35,127,POR,Trail Blazers,31-37,110
3/12/2023,LAL,Lakers,33-35,108,NYK,Knicks,40-30,112
3/12/2023,DEN,Nuggets,46-22,120,BKN,Nets,39-29,122
3/12/2023,PHI,76ers,45-22,112,WAS,Wizards,31-37,93
3/12/2023,SAS,Spurs,17-50,90,OKC,Thunder,33-35,102
3/13/2023,DET,Pistons,16-53,117,IND,Pacers,31-38,97
3/13/2023,ATL,Hawks,34-35,115,MIN,Timberwolves,35-34,136
3/13/2023,DAL,Mavericks,34-35,88,MEM,Grizzlies,41-26,104
3/13/2023,MIA,Heat,37-33,119,UTA,Jazz,33-36,115
3/13/2023,HOU,Rockets,16-52,111,BOS,Celtics,47-22,109
3/13/2023,GSW,Warriors,36-33,123,PHX,Suns,37-31,112
3/13/2023,SAC,Kings,40-27,124,MIL,Bucks,49-19,133
3/14/2023,CHA,Hornets,22-49,104,CLE,Cavaliers,44-27,120
3/14/2023,WAS,Wizards,32-37,117,DET,Pistons,16-54,97
3/14/2023,TOR,Raptors,33-36,125,DEN,Nuggets,46-23,110
3/14/2023,NOP,Pelicans,33-36,108,LAL,Lakers,34-35,123
3/14/2023,OKC,Thunder,34-35,121,BKN,Nets,39-30,107
3/14/2023,SAS,Spurs,18-50,132,ORL,Magic,28-41,114
3/14/2023,PHX,Suns,37-32,104,MIL,Bucks,50-19,116
3/14/2023,POR,Trail Blazers,31-38,107,NYK,Knicks,41-30,123
3/15/2023,CLE,Cavaliers,44-28,109,PHI,76ers,46-22,118
3/15/2023,MIA,Heat,38-33,138,MEM,Grizzlies,41-27,119
3/15/2023,CHI,Bulls,31-37,114,SAC,Kings,41-27,117
3/15/2023,HOU,Rockets,17-52,114,LAL,Lakers,34-36,110
3/15/2023,MIN,Timberwolves,35-35,102,BOS,Celtics,48-22,104
3/15/2023,SAS,Spurs,18-51,128,DAL,Mavericks,35-35,137
3/15/2023,LAC,Clippers,37-33,134,GSW,Warriors,36-34,126
3/16/2023,DET,Pistons,16-55,100,DEN,Nuggets,47-23,119
3/16/2023,BKN,Nets,39-31,96,SAC,Kings,42-27,101
3/16/2023,TOR,Raptors,34-36,128,OKC,Thunder,34-36,111
3/16/2023,PHX,Suns,38-32,116,ORL,Magic,28-42,113
3/16/2023,MIL,Bucks,50-20,123,IND,Pacers,32-38,139
3/17/2023,CHA,Hornets,22-50,82,PHI,76ers,47-22,121
3/17/2023,ATL,Hawks,35-35,127,GSW,Warriors,36-35,119
3/17/2023,CLE,Cavaliers,45-28,117,WAS,Wizards,32-38,94
3/17/2023,CHI,Bulls,32-37,139,MIN,Timberwolves,35-36,131
3/17/2023,HOU,Rockets,18-52,114,NOP,Pelicans,33-37,112
3/17/2023,SAS,Spurs,18-52,120,MEM,Grizzlies,42-27,126
3/17/2023,POR,Trail Blazers,31-39,112,BOS,Celtics,49-22,126
3/17/2023,LAL,Lakers,34-37,110,DAL,Mavericks,36-35,111
3/18/2023,NYK,Knicks,42-30,116,DEN,Nuggets,47-24,110
3/18/2023,LAC,Clippers,37-34,108,ORL,Magic,29-42,113
3/18/2023,IND,Pacers,32-39,121,PHI,76ers,48-22,141
3/18/2023,TOR,Raptors,35-36,122,MIN,Timberwolves,35-37,107
3/18/2023,CHI,Bulls,33-37,113,MIA,Heat,38-34,99
3/18/2023,MEM,Grizzlies,43-27,133,GSW,Warriors,36-36,119
3/18/2023,WAS,Wizards,32-39,118,SAC,Kings,43-27,132
3/18/2023,UTA,Jazz,34-36,118,BOS,Celtics,49-23,117
3/19/2023,BKN,Nets,39-32,102,DEN,Nuggets,48-24,108
3/19/2023,OKC,Thunder,35-36,124,PHX,Suns,38-33,120
3/19/2023,SAS,Spurs,19-52,126,ATL,Hawks,35-36,118
3/19/2023,DET,Pistons,16-56,100,MIA,Heat,39-34,112
3/19/2023,HOU,Rockets,18-53,107,NOP,Pelicans,34-37,117
3/19/2023,POR,Trail Blazers,31-40,102,LAC,Clippers,38-34,117
3/19/2023,LAL,Lakers,35-37,111,ORL,Magic,29-43,105
3/19/2023,MIL,Bucks,51-20,118,TOR,Raptors,35-37,111
3/20/2023,CHA,Hornets,23-50,115,IND,Pacers,32-40,109
3/20/2023,PHI,76ers,48-23,105,CHI,Bulls,34-37,109
3/20/2023,NYK,Knicks,42-31,134,MIN,Timberwolves,36-37,140
3/20/2023,HOU,Rockets,18-54,108,GSW,Warriors,37-36,121
3/20/2023,MEM,Grizzlies,44-27,112,DAL,Mavericks,36-36,108
3/20/2023,UTA,Jazz,35-36,128,SAC,Kings,43-28,120
3/21/2023,ORL,Magic,30-43,122,WAS,Wizards,32-40,112
3/21/2023,ATL,Hawks,36-36,129,DET,Pistons,16-57,107
3/21/2023,BKN,Nets,39-33,109,CLE,Cavaliers,46-28,115
3/21/2023,NOP,Pelicans,35-37,119,SAS,Spurs,19-53,84
3/21/2023,SAC,Kings,43-29,109,BOS,Celtics,50-23,132
3/21/2023,LAC,Clippers,38-35,100,OKC,Thunder,36-36,101
3/22/2023,WAS,Wizards,32-41,104,DEN,Nuggets,49-24,118
3/22/2023,DAL,Mavericks,36-37,125,GSW,Warriors,38-36,127
3/22/2023,MIA,Heat,40-34,127,NYK,Knicks,42-32,120
3/22/2023,TOR,Raptors,35-38,114,IND,Pacers,33-40,118
3/22/2023,CHI,Bulls,34-38,91,PHI,76ers,49-23,116
3/22/2023,MEM,Grizzlies,45-27,130,HOU,Rockets,18-55,125
3/22/2023,MIN,Timberwolves,37-37,125,ATL,Hawks,36-37,124
3/22/2023,UTA,Jazz,35-37,115,POR,Trail Blazers,32-40,127
3/22/2023,LAL,Lakers,36-37,122,PHX,Suns,38-34,111
3/22/2023,MIL,Bucks,52-20,130,SAS,Spurs,19-54,94
3/23/2023,ORL,Magic,31-43,111,NYK,Knicks,42-33,106
3/23/2023,BKN,Nets,39-34,114,CLE,Cavaliers,47-28,116
3/23/2023,NOP,Pelicans,36-37,115,CHA,Hornets,23-51,96
3/23/2023,LAC,Clippers,39-35,127,OKC,Thunder,36-37,105
3/24/2023,BOS,Celtics,51-23,120,IND,Pacers,33-41,95
3/24/2023,WAS,Wizards,33-41,136,SAS,Spurs,19-55,124
3/24/2023,TOR,Raptors,36-38,118,DET,Pistons,16-58,97
3/24/2023,MEM,Grizzlies,46-27,151,HOU,Rockets,18-56,114
3/24/2023,DAL,Mavericks,36-38,109,CHA,Hornets,24-51,117
3/24/2023,UTA,Jazz,35-38,116,MIL,Bucks,53-20,144
3/24/2023,GSW,Warriors,39-36,120,PHI,76ers,49-24,112
3/24/2023,POR,Trail Blazers,32-41,96,CHI,Bulls,35-38,124
3/24/2023,SAC,Kings,44-29,135,PHX,Suns,38-35,127
3/24/2023,LAL,Lakers,37-37,116,OKC,Thunder,36-38,111
3/25/2023,ATL,Hawks,37-37,143,IND,Pacers,33-42,130
3/25/2023,MIA,Heat,40-35,100,BKN,Nets,40-34,129
3/25/2023,DEN,Nuggets,50-24,129,MIL,Bucks,53-21,106
3/25/2023,PHX,Suns,39-35,125,PHI,76ers,49-25,105
3/25/2023,SAC,Kings,45-29,121,UTA,Jazz,35-39,113
3/25/2023,LAC,Clippers,39-36,110,NOP,Pelicans,37-37,131
3/26/2023,CHA,Hornets,25-51,110,DAL,Mavericks,36-39,104
3/26/2023,LAL,Lakers,37-38,108,CHI,Bulls,36-38,118
3/26/2023,ATL,Hawks,37-38,119,MEM,Grizzlies,47-27,123
3/26/2023,BOS,Celtics,52-23,137,SAS,Spurs,19-56,93
3/26/2023,CLE,Cavaliers,48-28,108,HOU,Rockets,18-57,91
3/26/2023,ORL,Magic,32-43,119,BKN,Nets,40-35,106
3/26/2023,TOR,Raptors,37-38,114,WAS,Wizards,33-42,104
3/26/2023,POR,Trail Blazers,32-42,112,OKC,Thunder,37-38,118
3/26/2023,GSW,Warriors,39-37,96,MIN,Timberwolves,38-37,99
3/27/2023,DET,Pistons,16-59,117,MIL,Bucks,54-21,126
3/27/2023,IND,Pacers,33-43,104,DAL,Mavericks,37-39,127
3/27/2023,NYK,Knicks,43-33,137,HOU,Rockets,18-58,115
3/27/2023,UTA,Jazz,35-40,103,PHX,Suns,40-35,117
3/27/2023,DEN,Nuggets,51-24,116,PHI,76ers,49-26,111
3/27/2023,POR,Trail Blazers,32-43,90,NOP,Pelicans,38-37,124
3/27/2023,SAC,Kings,45-30,115,MIN,Timberwolves,39-37,119
3/27/2023,LAC,Clippers,40-36,124,CHI,Bulls,36-39,112
3/28/2023,WAS,Wizards,34-42,130,BOS,Celtics,52-24,111
3/28/2023,ATL,Hawks,38-38,120,CLE,Cavaliers,48-29,118
3/28/2023,TOR,Raptors,38-38,106,MIA,Heat,40-36,92
3/28/2023,MEM,Grizzlies,48-27,113,ORL,Magic,32-44,108
3/28/2023,OKC,Thunder,37-39,134,CHA,Hornets,26-51,137
3/28/2023,GSW,Warriors,40-37,120,NOP,Pelicans,38-38,109
3/29/2023,IND,Pacers,33-44,136,MIL,Bucks,55-21,149
3/29/2023,BKN,Nets,41-35,123,HOU,Rockets,18-59,114
3/29/2023,NYK,Knicks,44-33,101,MIA,Heat,40-37,92
3/29/2023,PHI,76ers,50-26,116,DAL,Mavericks,37-40,108
3/29/2023,CHI,Bulls,36-40,110,LAL,Lakers,38-38,121
3/29/2023,MEM,Grizzlies,48-28,132,LAC,Clippers,41-36,141
3/29/2023,OKC,Thunder,38-39,107,DET,Pistons,16-60,106
3/29/2023,SAS,Spurs,19-57,117,UTA,Jazz,36-40,128
3/29/2023,PHX,Suns,41-35,107,MIN,Timberwolves,39-38,100
3/29/2023,POR,Trail Blazers,32-44,80,SAC,Kings,46-30,120
3/30/2023,DEN,Nuggets,51-25,88,NOP,Pelicans,39-38,107
3/30/2023,MIL,Bucks,55-22,99,BOS,Celtics,53-24,140
3/31/2023,CHA,Hornets,26-52,91,CHI,Bulls,37-40,121
3/31/2023,IND,Pacers,34-44,121,OKC,Thunder,38-40,117
3/31/2023,PHI,76ers,51-26,117,TOR,Raptors,38-39,110
3/31/2023,WAS,Wizards,34-43,109,ORL,Magic,33-44,116
3/31/2023,BOS,Celtics,54-24,122,UTA,Jazz,36-41,114
3/31/2023,BKN,Nets,42-35,124,ATL,Hawks,38-39,107
3/31/2023,CLE,Cavaliers,48-30,116,NYK,Knicks,45-33,130
3/31/2023,HOU,Rockets,19-59,121,DET,Pistons,16-61,115
3/31/2023,MEM,Grizzlies,49-28,108,LAC,Clippers,41-37,94
3/31/2023,MIN,Timberwolves,39-39,111,LAL,Lakers,39-38,123
3/31/2023,GSW,Warriors,41-37,130,SAS,Spurs,19-58,115
3/31/2023,POR,Trail Blazers,32-45,114,SAC,Kings,47-30,138
3/31/2023,PHX,Suns,42-35,100,DEN,Nuggets,51-26,93
4/1/2023,MIA,Heat,41-37,129,DAL,Mavericks,37-41,122
4/1/2023,NOP,Pelicans,40-38,122,LAC,Clippers,41-38,114
4/2/2023,CHA,Hornets,26-53,108,TOR,Raptors,39-39,128
4/2/2023,BKN,Nets,43-35,111,UTA,Jazz,36-42,110
4/2/2023,CHI,Bulls,38-40,128,MEM,Grizzlies,49-29,107
4/2/2023,MIN,Timberwolves,39-40,105,POR,Trail Blazers,33-45,107
4/2/2023,ATL,Hawks,39-39,132,DAL,Mavericks,37-42,130
4/2/2023,NYK,Knicks,46-33,118,WAS,Wizards,34-44,109
4/2/2023,ORL,Magic,34-44,128,DET,Pistons,16-62,102
4/2/2023,SAC,Kings,47-31,134,SAS,Spurs,20-58,142
4/2/2023,HOU,Rockets,19-60,109,LAL,Lakers,40-38,134
4/2/2023,OKC,Thunder,38-41,118,PHX,Suns,43-35,128
4/2/2023,CLE,Cavaliers,49-30,115,IND,Pacers,34-45,105
4/2/2023,DEN,Nuggets,52-26,112,GSW,Warriors,41-38,110
4/2/2023,MIL,Bucks,56-22,117,PHI,76ers,51-27,104
4/4/2023,CHA,Hornets,26-54,100,TOR,Raptors,40-39,120
4/4/2023,DET,Pistons,16-63,105,MIA,Heat,42-37,118
4/4/2023,ORL,Magic,34-45,113,CLE,Cavaliers,50-30,117
4/4/2023,WAS,Wizards,34-45,128,MIL,Bucks,57-22,140
4/4/2023,BKN,Nets,43-36,102,MIN,Timberwolves,40-40,107
4/4/2023,CHI,Bulls,38-41,105,ATL,Hawks,40-39,123
4/4/2023,HOU,Rockets,20-60,124,DEN,Nuggets,52-27,103
4/4/2023,MEM,Grizzlies,50-29,119,POR,Trail Blazers,33-46,109
4/4/2023,NOP,Pelicans,40-39,103,SAC,Kings,48-31,121
4/4/2023,PHI,76ers,52-27,103,BOS,Celtics,54-25,101
4/4/2023,UTA,Jazz,36-43,133,LAL,Lakers,41-38,135
4/4/2023,GSW,Warriors,42-38,136,OKC,Thunder,38-42,125
4/4/2023,PHX,Suns,44-35,115,SAS,Spurs,20-59,94
4/5/2023,DET,Pistons,16-64,108,BKN,Nets,44-36,123
4/5/2023,IND,Pacers,34-46,129,NYK,Knicks,47-33,138
4/5/2023,ATL,Hawks,41-39,134,WAS,Wizards,34-46,116
4/5/2023,BOS,Celtics,55-25,97,TOR,Raptors,40-40,93
4/5/2023,NOP,Pelicans,41-39,138,MEM,Grizzlies,50-30,131
4/5/2023,DAL,Mavericks,38-42,123,SAC,Kings,48-32,119
4/5/2023,LAC,Clippers,42-38,125,LAL,Lakers,41-39,118
4/5/2023,MIL,Bucks,58-22,105,CHI,Bulls,38-42,92
4/6/2023,ORL,Magic,34-46,94,CLE,Cavaliers,51-30,118
4/6/2023,PHI,76ers,52-28,101,MIA,Heat,43-37,129
4/6/2023,SAS,Spurs,21-59,129,POR,Trail Blazers,33-47,127
4/6/2023,UTA,Jazz,36-44,98,OKC,Thunder,39-42,114
4/6/2023,PHX,Suns,45-35,119,DEN,Nuggets,52-28,115
4/7/2023,CHA,Hornets,26-55,109,HOU,Rockets,21-60,112
4/7/2023,IND,Pacers,34-47,115,DET,Pistons,17-64,122
4/7/2023,WAS,Wizards,35-46,114,MIA,Heat,43-38,108
4/7/2023,ATL,Hawks,41-40,131,PHI,76ers,53-28,136
4/7/2023,BOS,Celtics,56-25,121,TOR,Raptors,40-41,102
4/7/2023,BKN,Nets,45-36,101,ORL,Magic,34-47,84
4/7/2023,NOP,Pelicans,42-39,113,NYK,Knicks,47-34,105
4/7/2023,DAL,Mavericks,38-43,112,CHI,Bulls,39-42,115
4/7/2023,SAC,Kings,48-33,97,GSW,Warriors,43-38,119
4/7/2023,LAL,Lakers,42-39,121,PHX,Suns,45-36,107
4/7/2023,MIL,Bucks,58-23,114,MEM,Grizzlies,51-30,137
4/8/2023,UTA,Jazz,37-44,118,DEN,Nuggets,52-29,114
4/8/2023,LAC,Clippers,43-38,136,POR,Trail Blazers,33-48,125
4/8/2023,SAS,Spurs,21-60,131,MIN,Timberwolves,41-40,151
4/9/2023,BOS,Celtics,57-25,120,ATL,Hawks,41-41,114
4/9/2023,BKN,Nets,45-37,105,PHI,76ers,54-28,134
4/9/2023,CHI,Bulls,40-42,103,DET,Pistons,17-65,81
4/9/2023,CLE,Cavaliers,51-31,95,CHA,Hornets,27-55,106
4/9/2023,MIA,Heat,44-38,123,ORL,Magic,34-48,110
4/9/2023,NYK,Knicks,47-35,136,IND,Pacers,35-47,141
4/9/2023,TOR,Raptors,41-41,121,MIL,Bucks,58-24,105
4/9/2023,WAS,Wizards,35-47,109,HOU,Rockets,22-60,114
4/9/2023,DAL,Mavericks,38-44,117,SAS,Spurs,22-60,138
4/9/2023,DEN,Nuggets,53-29,109,SAC,Kings,48-34,95
4/9/2023,LAL,Lakers,43-39,128,UTA,Jazz,37-45,117
4/9/2023,MIN,Timberwolves,42-40,113,NOP,Pelicans,42-40,108
4/9/2023,OKC,Thunder,40-42,115,MEM,Grizzlies,51-31,100
4/9/2023,PHX,Suns,45-37,114,LAC,Clippers,44-38,119
4/9/2023,POR,Trail Blazers,33-49,101,GSW,Warriors,44-38,157